trapID,x,y
1,447694,4885900
2,438789,4881388
3,439232,4878611
4,442142,4883961
5,441987,4881130
6,441900,4879523
7,445316,4887477
8,445311,4884098
9,445015,4880943
10,444942,4878014
11,448115,4883931
12,448056,4880980
13,447893,4878001
14,448377,4876428
15,449111,4887410
16,449398,4882698
17,449720,4879755
18,451222,4884065
19,450941,4880931
20,450968,4877991
21,450604,4874994
22,451182,4886441
23,452260,4879536
24,451839,4876736
25,453532,4880390
26,453975,4877894
27,453203,4876101
28,453289,4887018
29,451931,4874895
30,441532,4882705
31,440538,4880410
32,456240,4881088
33,456465,4878566
34,443871,4881829
35,446891,4882765
36,446741,4879300
37,449878,4877278
38,452323,4882926
