Session,ID,Occasion,trapID
1,1,1,2
1,1,3,5
1,1,5,5
1,1,5,31
1,1,5,34
1,1,6,5
1,1,6,31
1,1,7,30
1,1,7,34
1,1,8,5
1,1,8,31
1,2,3,3
1,2,4,3
1,2,6,31
1,2,7,31
1,2,8,5
1,3,3,18
1,3,6,5
1,4,2,22
1,4,3,22
1,5,3,23
1,5,6,25
1,6,2,3
1,7,3,28
1,8,4,17
1,8,4,19
1,8,5,19
1,8,6,19
1,8,7,17
1,8,7,19
1,9,4,34
1,9,7,35
1,10,3,3
1,10,3,5
1,10,3,34
1,10,4,5
1,10,5,35
1,11,2,16
1,11,3,17
1,11,4,12
1,11,4,17
1,11,6,16
1,12,1,20
1,12,2,36
1,12,3,36
1,12,4,20
1,12,5,21
1,12,6,37
1,12,8,37
1,13,4,13
1,13,4,36
1,13,6,13
1,13,6,36
1,14,1,34
1,14,2,5
1,14,3,5
1,14,3,16
1,14,3,34
1,14,4,34
1,14,5,9
1,14,5,31
1,14,7,16
1,14,7,35
1,14,8,16
1,15,2,22
1,15,7,22
1,16,3,17
1,16,3,19
1,16,5,23
1,17,7,37
1,17,8,18
1,18,1,18
1,18,3,23
1,18,4,17
1,18,4,19
1,18,4,37
1,18,5,19
1,18,5,23
1,18,5,25
1,18,5,35
1,18,5,37
1,18,6,8
1,18,6,19
1,18,6,23
1,18,7,26
1,18,8,23
1,18,8,26
1,19,3,34
1,20,1,18
1,20,4,28
1,20,7,22
1,21,1,22
1,22,1,22
1,23,1,27
1,23,1,37
1,23,2,37
1,23,3,37
1,23,4,37
1,23,5,37
1,23,7,37
1,23,8,37
1,24,2,3
1,25,1,18
1,25,4,18
1,25,7,29
1,26,3,18
1,27,3,19
1,27,6,23
1,28,3,19
1,28,4,23
1,28,7,19
1,29,3,17
1,29,4,17
1,29,5,23
1,30,3,20
1,31,3,24
1,31,4,20
1,31,5,20
1,31,5,24
1,31,6,24
1,31,7,20
1,31,7,24
1,31,7,37
1,31,8,37
1,32,4,10
1,32,4,36
1,32,5,13
1,32,6,13
1,32,7,13
1,32,8,10
1,33,4,37
1,33,5,36
1,34,4,33
1,34,6,33
1,34,7,33
1,35,5,30
1,36,5,12
1,36,6,12
1,36,7,12
1,37,5,26
1,38,5,33
1,38,6,37
1,39,5,27
1,40,6,13
1,41,6,26
1,42,7,16
1,43,7,38
1,44,7,27
1,45,7,37
1,46,8,19
1,47,8,25
