HaulIndex,Alt_abund,Antimora.rostrata,Bathydraco.joannae,Bathyraja.eatonii,Bathyraja.irrasa,Bathyraja.murrayi,Ceratias.tentaculatus,Champsocephalus.gunnari,Channichthys.rhinoceratus,Dissostichus.eleginoides,Echiodon.cryomargarites,Gobionotothen.acuta,Histiodraco.velifer,Icichthys.australis,Lepidonotothen.mizops,Lepidonotothen.squamifrons,Lycodapus.antarcticus,Macrourus.holotrachys,Mancopsetta.maculata,Melanostigma.gelatinosum,Muraenolepis.sp.,Notothenia.rossii,Paradiplospinus.gracilis,Paraliparis.copei,Paraliparis.operculosus,Zanclorhynchus.spinifer,Haul,Cruise.Name,SampleDate,Site,Gear,Trawl_Site,Date,Time_Bottom,TowDuration_min,Depth_Min,Depth_Max,Speed._kts,SweptArea_km2,Notes,Exclude.from.analyses,Lat_MP,Long_MP,av_depth,Month,Year,Season,hr,bathymetry_slope,caisom_floor_current_speed,caisom_floor_temperature,chl_summer_climatology,geomorphology,sst_spatial_gradient,sst_summer_climatology,sal_bot_mean,sal_bot_Stdev,T_mean,T_var,T_var_ds,T_trend,chla_yearly_mean,chla_yearly_sd,log_depth,log_slope,log_current,log_chla_yearly_sd
FIOG00500,0,0,0,0,0,0,0,0,12,6,0,0,0,0,0,5,0,0,0,0,0,1,3,0,0,1,5,FISHOG,24/01/1992,5,OTTER TRAWL,F81,24/01/1992,7:17,30,149,149,2.9,0.0444,,NA,-52.9167,74.13515,149,January,1992,summer,7,0.003576,0.012546,3.27727294,0.397973001,2,0.003853,3.012507915,33.94396591,0.042802863,2.231779553,0.708434238,0.166241908,0.011274199,0.952559914,0.193680224,5.003946306,-5.633510422,-4.378353389,-1.64154681
FIOG00700,0,0,0,1,0,0,0,0,0,0,0,0,0,0,0,0,0,0,0,0,0,0,4,0,0,0,7,FISHOG,24/01/1992,7,OTTER TRAWL,F201,24/01/1992,22:17,31,241,241,3.9,0.0382,,NA,-53.18365,72.96185,241,January,1992,summer,22,0.013903,0.032899,2.94414711,0.321368992,2,0.003703,3.106210947,34.03923416,0.057978421,2.206539136,0.683174708,0.164509326,0.011521523,0.666439457,0.218396126,5.484796933,-4.275650635,-3.414313017,-1.521444773
FIOG00800,0,0,0,1,0,0,0,78,39,2,0,0,0,0,0,0,0,0,0,0,0,0,2,0,0,0,8,FISHOG,25/01/1992,8,OTTER TRAWL,F3,25/01/1992,7:24,30,215,215,3,0.0377,net held in midwater while passing over bump in bottom,NA,-52.67965,72.94195,215,January,1992,summer,7,0.000857,0.0206,3.16621089,0.403311014,14,0.005431,3.022715092,34.18261337,0.055747487,2.348690057,0.653658526,0.167506102,0.013271142,0.852587506,0.145118754,5.370638028,-7.062072639,-3.882464203,-1.930202879
FIOG00900,0,0,0,4,0,0,0,2,8,2,0,0,0,0,0,0,0,0,0,0,0,0,1,0,0,0,9,FISHOG,25/01/1992,9,OTTER TRAWL,F5,25/01/1992,15:33,34,228,228,2.5,0.0459,,NA,-52.525,73.1583,228,January,1992,summer,15,0.00166,0.005924,3.109005928,0.490534991,14,0.008306,3.377624989,34.18261337,0.055747487,2.341013808,0.649181031,0.168546164,0.013160194,1.091779419,0.286441273,5.429345629,-6.400937677,-5.128743383,-1.250221745
FIOG01000,0,0,0,2,0,2,0,7,15,6,0,0,0,0,1,0,0,0,0,0,0,0,1,0,0,0,10,FISHOG,25/01/1992,10,OTTER TRAWL,F26,25/01/1992,21:46,30,200,200,5.4,0.0443,,NA,-52.6901,74.00475,200,January,1992,summer,21,0.00358,0.006197,3.366889,0.459823996,2,0.006891,3.207238913,34.01951981,0.049936675,2.285106896,0.696393404,0.171747279,0.012175853,1.025382892,0.306048394,5.298317367,-5.632392479,-5.083689975,-1.184012039
FIOG01100,0,0,0,0,0,1,0,1,5,1,0,0,0,0,0,0,0,0,0,0,0,0,2,0,0,1,11,FISHOG,26/01/1992,11,OTTER TRAWL,F32,23/01/1992,2:54,36,170,170,2.5,0.0465,,NA,-52.8526,74.1231,170,January,1992,summer,2,0.003576,0.012546,3.27727294,0.397973001,2,0.003853,3.012507915,33.94396591,0.042802863,2.231779553,0.708434238,0.166241908,0.011274199,0.952559914,0.193680224,5.135798437,-5.633510422,-4.378353389,-1.64154681
FIOG01200,1,0,0,1,1,0,0,1097,32,1,0,0,0,0,0,1,0,0,0,0,0,1,2,0,0,1,12,FISHOG,26/01/1992,12,OTTER TRAWL,F72,26/01/1992,7:11,30,190,190,3,0.0402,Hooked up around 7:00; dropped backstop- long time to retrive net,NA,-52.70795,74.2139,190,January,1992,summer,7,0.002628,0.007798,3.349498034,0.464448988,2,0.005657,3.217212915,34.01951981,0.049936675,2.285106896,0.696393404,0.171747279,0.012175853,1.051370366,0.323683046,5.247024072,-5.941532178,-4.853887988,-1.127990495
FIOG01300,0,0,0,1,0,0,0,1,74,9,0,1,0,0,0,33,0,0,0,0,0,0,0,0,0,0,13,FISHOG,26/01/1992,13,OTTER TRAWL,F39,26/01/1992,12:03,30,185,185,2.7,0.0375,,NA,-52.70785,74.45925,185,January,1992,summer,12,0.002922,0.015281,3.233319044,0.358940005,2,0.002497,3.033632994,34.04494476,0.05720019,2.183566002,0.705211892,0.16502664,0.011955126,0.97097275,0.275733319,5.220355825,-5.835486966,-4.181145052,-1.288321116
FIOG01400,0,0,0,1,0,0,0,0,5,16,0,0,0,0,0,1,0,29,0,0,0,0,2,0,0,0,14,FISHOG,26/01/1992,14,OTTER TRAWL,S11,26/01/1992,15:40,30,410,513,2.4,0.0366,,NA,-52.6764,75.0212,461.5,January,1992,summer,15,0.017291,0.024498001,2.767333031,0.335985988,14,0.001591,3.079569101,34.39501953,0.066798404,2.072681336,0.763620992,0.168562604,0.012432699,0.749028801,0.291216559,6.134482054,-4.057569144,-3.709163757,-1.2336881
FIOG01500,0,0,0,6,0,3,0,9,5,1,0,0,0,0,0,0,0,0,0,0,0,0,0,0,0,0,15,FISHOG,26/01/1992,15,OTTER TRAWL,S21,26/01/1992,19:55,34,248,248,3,0.044,,NA,-52.6159,75.1342,248,January,1992,summer,19,0.008598,0.019733001,2.840255022,0.378921002,14,0.001252,3.075189114,34.39501953,0.066798404,2.072681336,0.763620992,0.168562604,0.012432699,0.749028801,0.291216559,5.513428746,-4.756225661,-3.925462867,-1.2336881
FIOG01600,0,0,0,0,0,0,0,0,2,1,0,0,0,0,0,0,0,0,0,0,0,0,0,0,0,0,16,FISHOG,26/01/1992,16,OTTER TRAWL,S14,26/01/1992,22:57,31,292,320,3.1,0.0435,,NA,-52.5825,75.24955,306,January,1992,summer,22,0.007676,0.022593001,2.784256935,0.377600998,14,0.001315,3.053203106,34.39501953,0.066798404,2.072681336,0.763620992,0.168562604,0.012432699,0.791169215,0.283133392,5.723585102,-4.869656701,-3.790115111,-1.261837143
FIOG01700,0,0,0,0,0,0,0,0,4,0,0,0,0,0,0,0,0,0,0,0,0,0,1,0,0,0,17,FISHOG,27/01/1992,17,OTTER TRAWL,S12,27/01/1992,4:48,44,759,759,3.6,0.0474,,NA,-52.67085,75.1588,759,January,1992,summer,4,0.010691,0.028542999,2.650562048,0.342680007,14,0.001978,3.098633051,34.39501953,0.066798404,2.072681336,0.763620992,0.168562604,0.012432699,0.791169215,0.283133392,6.632001777,-4.538353013,-3.556343592,-1.261837143
FIOG01900,0,0,0,0,0,0,0,0,46,10,0,0,0,0,0,17,0,2,0,0,0,0,0,0,0,0,19,FISHOG,28/01/1992,19,OTTER TRAWL,S5,28/01/1992,12:49,30,291,421,3.7,0.0312,Netsonde cable ripped out,NA,-52.74075,75.09655,356,January,1992,summer,12,0.013483,0.025907001,2.709958076,0.352019995,14,0.001893,3.067961931,34.39501953,0.066798404,2.072681336,0.763620992,0.168562604,0.012432699,0.749028801,0.291216559,5.874930731,-4.306325646,-3.653242038,-1.2336881
FIOG02100,0,0,0,0,0,0,0,47,10,6,0,0,0,0,0,1,0,0,0,0,0,0,0,0,0,0,21,FISHOG,28/01/1992,21,OTTER TRAWL,S10,28/01/1992,20:02,46,237,275,4.7,0.044,few rips in wings,NA,-52.6019,75.07335,256,January,1992,summer,20,0.008598,0.019733001,2.840255022,0.378921002,14,0.001252,3.075189114,34.39501953,0.066798404,2.072681336,0.763620992,0.168562604,0.012432699,0.749028801,0.291216559,5.545177444,-4.756225661,-3.925462867,-1.2336881
FIOG02200,0,0,0,2,0,0,0,1,5,11,0,0,0,0,0,1,0,45,0,0,1,0,0,0,0,0,22,FISHOG,29/01/1992,22,OTTER TRAWL,S17,29/01/1992,0:57,32,292,367,3.2,0.0367,Trawling up large slope,NA,-52.5782,75.00135,329.5,January,1992,summer,0,0.017166,0.017151,2.899653912,0.373394012,14,0.0013,3.088179111,34.39501953,0.066798404,2.072681336,0.763620992,0.168562604,0.012432699,0.749028801,0.291216559,5.797576354,-4.064824596,-4.065698798,-1.2336881
FIOG02300,1,0,0,9,0,0,0,716,250,3,0,1,0,0,0,0,0,0,0,0,0,0,0,0,0,0,23,FISHOG,29/01/1992,23,OTTER TRAWL,S18,29/01/1992,5:26,34,209,210,Not recorded,0.0376,,NA,-52.50655,75.0741,209.5,January,1992,summer,5,0.002669,0.012903,2.953105927,0.395363003,14,0.000995,3.087387085,34.39501953,0.066798404,2.072681336,0.763620992,0.168562604,0.012432699,0.930684377,0.621907802,5.344723739,-5.926051409,-4.350295437,-0.474963426
FIOG02400,0,0,0,2,0,0,0,0,3,4,0,0,0,0,0,0,0,0,0,0,0,0,0,0,0,0,24,FISHOG,29/01/1992,24,OTTER TRAWL,F56,29/01/1992,9:10,30,274,274,3.1,0.0356,,NA,-52.18815,74.9085,274,January,1992,summer,9,0.000772,0.008148,3.04522109,0.40396601,14,0.003443,3.195847988,34.42622757,0.056006897,2.167779726,0.74351515,0.171570391,0.012987055,0.94123642,0.372938452,5.613128106,-7.166526008,-4.809982781,-0.986341881
FIOG02500,0,0,0,0,0,1,0,0,0,2,0,0,0,0,0,0,0,0,0,1,0,0,1,0,0,0,25,FISHOG,29/01/1992,25,OTTER TRAWL,F72,29/01/1992,12:34,30,427,440,3.8,0.0369,,NA,-52.19905,75.4311,433.5,January,1992,summer,12,0.005886,0.010656,2.9199121,0.44580999,14,0.002732,3.122423887,34.48319244,0.06109136,2.095361007,0.815207431,0.17493532,0.013115577,0.975479864,0.453157449,6.071891796,-5.135178629,-4.541632165,-0.791515644
FIOG02600,1,0,0,0,0,0,0,4,3,6,0,0,0,0,0,102,0,0,0,0,0,0,0,0,0,0,26,FISHOG,29/01/1992,26,OTTER TRAWL,F147,29/01/1992,18:55,39,258,278,3.5,0.051,sonde cable caught on RHS door- delay in shooting net.,NA,-51.78975,76.17135,268,January,1992,summer,18,0.018694,0.164306,2.334691048,0.296288997,15,0.003098,3.256736994,34.52332306,0.058977157,2.020219838,0.866203042,0.176858445,0.01324731,0.71470229,0.302221098,5.590986981,-3.979552662,-1.806024736,-1.196596417
FIOG02700,1,0,0,0,0,0,0,1,32,6,0,0,0,0,0,1355,0,0,0,0,0,0,0,0,0,6,27,FISHOG,30/01/1992,27,OTTER TRAWL,F23,29/01/1992,23:47,33,227,232,3.6,0.0398,,NA,-51.7379,76.604,229.5,January,1992,summer,23,0.055778999,0.263130993,1.413938999,0.260123014,15,0.001423,3.144623995,34.69469452,0.005821189,2.005272029,0.899467602,0.234969849,0.013977545,0.592846869,0.247154038,5.43590303,-2.886357842,-1.335103299,-1.397743501
FIOG02800,1,0,0,6,0,0,0,3,5,17,0,0,0,0,0,785,0,0,0,0,0,0,0,0,0,2,28,FISHOG,30/01/1992,28,OTTER TRAWL,F63,30/01/1992,7:53,32,230,235,2.6,0.0303,,NA,-51.54375,76.03205,232.5,January,1992,summer,7,0.047244001,0.208002999,2.169011116,0.319932014,14,0.001985,3.224159956,34.38331985,0.073102102,2.064522541,0.856720776,0.200044064,0.013353717,0.775159988,0.275753994,5.448890225,-3.052429596,-1.570202781,-1.288246137
FIOG02900,0,0,0,1,0,0,0,1,17,10,0,0,0,0,0,40,0,0,0,0,0,0,0,0,0,14,29,FISHOG,30/01/1992,29,OTTER TRAWL,F135,30/01/1992,12:17,30,235,235,3.1,0.0351,,NA,-51.64195,76.03035,235,January,1992,summer,12,0.001382,0.177403003,2.391196012,0.307078004,15,0.002216,3.29379797,34.38331985,0.073102102,2.064522541,0.856720776,0.200044064,0.013353717,0.836302791,0.327574781,5.459585514,-6.584223554,-1.729331281,-1.116038911
FIOG03000,1,0,0,3,0,0,0,3,146,6,0,0,0,0,0,382,0,0,0,0,0,0,0,0,0,3,30,FISHOG,30/01/1992,30,OTTER TRAWL,F138,30/01/1992,14:58,30,253,254,2.7,0.0352,,NA,-51.594,75.91705,253.5,January,1992,summer,14,0.012692,0.135449007,2.459621906,0.320351005,14,0.002313,3.312174082,34.38331985,0.073102102,2.094620076,0.851689055,0.191202568,0.013291763,0.952201361,0.383177639,5.535363823,-4.366783405,-1.999160042,-0.959256588
FIOG03100,0,0,0,0,0,1,0,72,31,5,0,0,0,0,0,6,0,0,0,0,0,0,0,0,0,0,31,FISHOG,30/01/1992,31,OTTER TRAWL,F140,30/01/1992,18:49,31,239,248,2.6,0.0358,,NA,-51.37,75.82115,243.5,January,1992,summer,18,0.009572,0.172142997,2.153996944,0.327333987,14,0.004327,3.294445992,34.38331985,0.073102102,2.142121786,0.864266819,0.221981239,0.013226731,0.873560031,0.327663954,5.495116943,-4.648913109,-1.75942977,-1.115766726
FIOG03200,0,0,0,0,0,0,0,0,19,1,0,0,0,0,0,2,0,0,0,0,0,0,2,0,0,0,32,FISHOG,30/01/1992,32,OTTER TRAWL,F136,30/01/1992,23:50,31,326,358,3.2,0.0339,slight delay in sending net down as adjusted ships course,NA,-51.48765,75.6799,342,January,1992,summer,23,0.010274,0.119995996,2.372246027,0.352070987,14,0.003527,3.344786882,34.49359512,0.057070483,2.123438522,0.857042035,0.187145879,0.013246077,0.91124124,0.403037766,5.834810737,-4.578138847,-2.120296903,-0.908725009
FIOG03300,0,0,0,0,0,1,0,0,2,4,0,0,0,0,0,0,1,0,0,0,0,0,2,0,0,0,33,FISHOG,31/01/1992,33,OTTER TRAWL,F175,31/01/1992,8:26,30,506,210,2.7,0.0302,,NA,-51.5277,75.4465,358,January,1992,summer,8,0.007411,0.058667,2.354579926,0.364383012,14,0.003351,3.420593977,34.49359512,0.057070483,2.14735707,0.857494678,0.183637927,0.013188914,0.951792417,0.416028103,5.880532986,-4.904789896,-2.835877891,-0.877002466
FIOG03400,0,0,0,0,0,0,0,0,0,3,0,0,0,0,0,0,0,0,0,0,0,0,0,0,0,0,34,FISHOG,31/01/1992,34,OTTER TRAWL,F143,31/01/1992,12:21,32,518,519,3.1,0.0402,,NA,-51.3245,75.5387,518.5,January,1992,summer,12,0.015056,0.099273004,2.240519047,0.317532003,14,0.003564,3.418442011,34.49359512,0.057070483,2.16387401,0.859508885,0.205299763,0.013318782,0.918705022,0.44049484,6.250940028,-4.195978696,-2.309881608,-0.819856548
FIOG03500,0,0,0,0,0,0,0,0,4,1,0,0,0,0,0,2,0,0,0,0,0,0,0,0,0,0,35,FISHOG,31/01/1992,35,OTTER TRAWL,F54,31/01/1992,15:36,30,367,379,2.5,0.0325,,NA,-51.27075,75.60145,373,January,1992,summer,15,0.005529,0.125925004,2.226341963,0.320077986,14,0.004337,3.36660409,34.49359512,0.057070483,2.16387401,0.859508885,0.205299763,0.013318782,0.850261449,0.340847006,5.92157842,-5.197748312,-2.072068756,-1.076321565
FIOG03700,0,0,0,0,0,0,0,0,1,1,0,0,0,0,0,0,0,0,0,0,0,0,1,0,3,0,37,FISHOG,1/02/1992,37,OTTER TRAWL,F2,1/02/1992,8:08,32,436,438,2.6,0.034,,NA,-51.1212,74.2216,437,February,1992,summer,8,0.001217,0.023500999,2.601819992,0.731244981,14,0.006584,3.531222105,34.4524765,0.05489143,2.372424656,0.859958688,0.19406542,0.013592014,1.466889953,0.613144675,6.079933195,-6.711366465,-3.750712348,-0.489154359
FIOG03800,0,0,0,0,0,0,0,0,4,2,0,0,0,0,1,6,0,0,0,0,1,0,1,0,0,0,38,FISHOG,1/02/1992,38,OTTER TRAWL,F103,2/02/1992,15:08,31,252,259,3.3,0.0385,,NA,-51.2656,72.98325,255.5,February,1992,summer,15,0.003856,0.005465,2.897814989,0.556823015,2,0.002311,3.704849005,34.39898682,0.058030304,2.631628962,0.863565957,0.207387254,0.012657694,1.042088072,0.159851385,5.54322241,-5.558124902,-5.209391157,-1.833510739
FIOG03900,0,0,0,0,0,0,0,6,9,9,0,0,0,0,0,2,0,0,0,0,0,0,15,0,0,0,39,FISHOG,3/02/1992,39,OTTER TRAWL,F76,3/02/1992,0:55,30,290,292,3.6,0.048,,NA,-51.2695,72.6139,291,February,1992,summer,0,0.018036,0.015628999,2.896548033,0.577464998,2,0.004377,3.716603994,34.46311569,0.053490609,2.687954252,0.882139088,0.209020617,0.012781021,1.130755758,0.188973393,5.673323267,-4.015385518,-4.15862718,-1.666149052
FIOG04000,0,0,0,0,0,0,0,0,2,1,0,0,0,1,0,0,0,0,0,0,0,0,4,0,2,0,40,FISHOG,3/02/1992,40,OTTER TRAWL,F86,3/02/1992,4:00,32,355,405,4,0.0258,,NA,-51.10125,72.5746,380,February,1992,summer,4,0.011856,0.008922,2.874706984,0.582195997,14,0.003756,3.694386959,34.42160797,0.060313124,2.71581445,0.900757115,0.215550446,0.013082397,1.099524143,0.154131254,5.940171253,-4.43492121,-4.719235142,-1.869950741
FIOG04100,0,0,0,0,0,0,0,0,7,5,0,0,0,0,0,16,0,0,0,0,0,0,1,0,0,1,41,FISHOG,3/02/1992,41,OTTER TRAWL,F160,3/02/1992,9:50,30,250,252,2.9,0.0329,,NA,-51.28725,71.97465,251,February,1992,summer,9,0.021868,0.029065,2.847805023,0.478266001,14,0.002329,3.758388042,34.5308342,0.035954405,2.683747373,0.88999924,0.21173243,0.012561797,1.000417373,0.155284489,5.525452939,-3.822730898,-3.538220578,-1.862496431
FIOG04200,0,0,0,0,0,0,0,0,7,5,0,0,0,0,0,1,0,0,0,0,0,0,4,0,0,0,42,FISHOG,3/02/1992,42,OTTER TRAWL,F159,3/02/1992,13:40,30,297,320,4.2,0.0426,Net bowed? A few time due to large swell and uneven bottom,NA,-51.349,71.77375,308.5,February,1992,summer,13,0.020745,0.077,2.804008007,0.483855993,14,0.003105,3.782922029,34.5308342,0.035954405,2.677446039,0.894343399,0.213783214,0.012425695,1.062365953,0.210553947,5.731721843,-3.875450025,-2.563949857,-1.558013378
FIOG04300,0,0,0,0,0,0,0,0,37,2,0,0,0,0,0,6,0,0,0,0,0,0,0,0,0,1,43,FISHOG,5/02/1992,43,OTTER TRAWL,S23,5/02/1992,0:54,31,247,253,4,0.0437,,NA,-51.2942,71.9255,250,February,1992,summer,0,0.016431,0.051716,2.825906038,0.487004995,14,0.002689,3.76768589,34.5308342,0.035954405,2.677446039,0.894343399,0.213783214,0.012425695,1.062365953,0.210553947,5.521460918,-4.108585485,-2.961988068,-1.558013378
FIOG04400,0,0,0,0,0,0,0,0,14,6,0,0,0,0,0,2,0,0,0,0,0,1,0,0,0,1,44,FISHOG,5/02/1992,44,OTTER TRAWL,F83,5/02/1992,15:42,30,256,281,3.8,0.0349,,NA,-51.882,71.3271,268.5,February,1992,summer,15,0.036316,0.052289002,1.687921047,0.306995988,14,0.003256,3.605686903,34.25804901,0.055410251,2.581048026,0.893054015,0.198142483,0.012155887,0.814734155,0.341142656,5.592850914,-3.315496863,-2.950969217,-1.075454543
FIOG04500,0,0,0,0,0,0,0,0,8,3,0,0,0,0,0,2,0,0,0,0,0,0,0,0,0,4,45,FISHOG,5/02/1992,45,OTTER TRAWL,F131,5/02/1992,23:06,30,278,283,3.5,0.0375,,NA,-52.024,71.40015,280.5,February,1992,summer,23,0.010122,0.037886001,1.918005943,0.281307012,14,0.001127,3.564600945,34.25804901,0.055410251,2.518250286,0.893277941,0.194414501,0.011858223,0.746876966,0.240395418,5.636573725,-4.593044006,-3.273173602,-1.425470136
FIOG04600,0,0,0,0,0,0,0,0,4,0,0,0,0,0,0,1,0,1,0,0,0,0,1,0,0,1,46,FISHOG,6/02/1992,46,OTTER TRAWL,F200,6/02/1992,2:23,46,363,615,3.9,0.064,Net left on the bottom a little longer to trawl the slope,NA,-52.08675,71.6012,489,February,1992,summer,2,0.031490002,0.036417,2.084722042,0.337406009,14,0.003199,3.628329039,34.25804901,0.055410251,2.517195358,0.87167406,0.193699413,0.011841636,0.953742825,0.226377033,6.192362489,-3.45808518,-3.31271958,-1.485553382
FIOG04700,0,0,0,0,0,0,0,0,6,0,0,0,0,0,0,0,0,0,0,0,0,0,0,0,0,0,47,FISHOG,6/02/1992,47,OTTER TRAWL,F151,6/02/1992,10:05,30,272,282,2.6,0.047,,NA,-52.4024,71.7819,277,February,1992,summer,10,0.028012,0.041466001,2.099787951,0.402348012,2,0.003188,3.349946022,34.20048523,0.047160972,2.452221882,0.844804666,0.18484026,0.01174376,0.8887569,0.273470925,5.624017506,-3.575122289,-3.182881441,-1.29655997
FIOG04800,0,0,0,1,0,0,0,1,63,0,0,0,0,0,1,3,0,0,0,0,0,0,0,0,0,1,48,FISHOG,6/02/1992,48,OTTER TRAWL,F60,6/02/1992,14:52,30,226,231,3.7,0.0338,,NA,-52.41215,72.111,228.5,February,1992,summer,14,0.016317001,0.060699001,2.618603945,0.366797,2,0.002475,3.442049026,34.20048523,0.047160972,2.447959391,0.798912657,0.180590917,0.01203113,0.873641724,0.233668275,5.43153621,-4.115547709,-2.801828039,-1.453852798
FIOG04900,0,0,0,0,0,0,0,0,13,3,0,0,0,0,0,4,0,0,0,0,0,0,0,0,0,2,49,FISHOG,6/02/1992,49,OTTER TRAWL,F150,6/02/1992,19:16,31,240,240,3,0.0472,,NA,-52.538,72.17735,240,February,1992,summer,19,0.026601,0.029929999,2.729358912,0.37281701,2,0.003078,3.400798082,34.20048523,0.047160972,2.376363739,0.794749393,0.175912501,0.012720122,0.855615811,0.223118765,5.480638923,-3.62680647,-3.508893991,-1.500051071
FIOG05000,0,0,0,0,0,0,0,0,0,3,0,0,0,0,0,0,6,38,0,0,0,0,10,0,0,0,50,FISHOG,8/02/1992,50,OTTER TRAWL,S2,8/02/1992,9:21,30,449,457,3,0.035,,NA,-52.4514,72.4194,453,February,1992,summer,9,0.020663001,0.030676,2.835061073,0.391642988,14,0.006791,3.388899088,34.34674072,0.046875618,2.369380508,0.729394541,0.171317297,0.013045148,0.942227244,0.258197493,6.115892125,-3.879410569,-3.484274689,-1.35403051
FIOG05100,0,0,0,0,0,0,0,0,2,4,0,0,0,0,0,1,0,7,0,0,1,0,4,0,0,0,51,FISHOG,8/02/1992,51,OTTER TRAWL,S1,8/02/1992,13:40,30,280,308,2.6,0.0323,,NA,-52.6023,72.51615,294,February,1992,summer,13,0.019905001,0.042548999,2.863224983,0.427756011,14,0.008515,3.28677702,34.34674072,0.046875618,2.35911699,0.67961218,0.167274522,0.01323559,0.953643362,0.277559746,5.683579767,-3.916784272,-3.15709895,-1.281719068
FIOG05300,0,0,0,1,0,0,0,0,0,1,0,0,0,0,0,1,0,2,0,0,0,0,10,0,0,0,53,FISHOG,9/02/1992,53,OTTER TRAWL,F22,9/02/1992,0:17,33,290,334,4.9,0.0441,,NA,-52.6749,72.49775,312,February,1992,summer,0,0.014296,0.046944,2.866446972,0.415562987,2,0.009485,3.199095011,34.34674072,0.046875618,2.35911699,0.67961218,0.167274522,0.01323559,0.953643362,0.277559746,5.743003188,-4.247775501,-3.058799877,-1.281719068
FIOG05400,0,0,0,5,1,0,0,24,4,2,0,0,0,0,0,0,0,0,0,0,0,0,3,0,1,4,54,FISHOG,9/02/1992,54,OTTER TRAWL,F45,9/02/1992,5:37,30,260,267,2.8,0.0347,,NA,-52.29105,72.87275,263.5,February,1992,summer,5,0.001544,0.012914,3.012839079,0.471226007,14,0.005455,3.361054897,34.18261337,0.055747487,2.40425046,0.696889831,0.171540441,0.01274506,0.935305985,0.230273606,5.574053368,-6.473378827,-4.349443285,-1.468487086
FIOG05500,0,0,0,0,1,3,0,0,1,0,0,0,0,0,0,0,2,21,0,1,0,0,6,0,1,0,55,FISHOG,9/02/1992,55,OTTER TRAWL,F21,9/02/1992,9:44,30,409,449,3,0.0303,,NA,-51.86215,73.14615,429,February,1992,summer,9,0.005524,0.012044,2.906826973,0.594183981,14,0.006128,3.528758049,34.38586044,0.057070483,2.509817706,0.812913642,0.188814519,0.01210633,1.079691152,0.208924265,6.061456919,-5.198653043,-4.419188668,-1.565783461
FIOG05600,0,0,0,0,0,0,0,0,0,0,0,0,0,0,0,0,11,16,0,4,0,0,5,0,1,0,56,FISHOG,9/02/1992,56,OTTER TRAWL,F9,9/02/1992,14:58,30,471,475,2.5,0.0292,,NA,-51.7681,73.36085,473,February,1992,summer,14,0.003013,0.011765,2.924855947,0.652567983,14,0.005174,3.503660917,34.30471802,0.063633591,2.460025612,0.799748243,0.186336529,0.011936556,1.068055612,0.258317986,6.159095388,-5.804819019,-4.442626257,-1.353563949
FIOG05700,0,0,0,0,0,2,0,36,12,2,0,0,0,0,0,0,0,0,0,0,0,1,0,0,0,0,57,FISHOG,9/02/1992,57,OTTER TRAWL,F41,9/02/1992,21:13,30,252,259,4.4,0.0359,,NA,-52.3388,73.17415,255.5,February,1992,summer,21,0.00205,0.008768,3.061371088,0.536581993,14,0.002502,3.494699001,34.18261337,0.055747487,2.385368701,0.696021731,0.171945112,0.01285777,1.108973551,0.314076767,5.54322241,-6.189915486,-4.736646549,-1.158117842
FIOG05900,0,0,0,3,0,1,0,6,12,1,0,0,0,0,0,0,0,0,0,0,2,0,5,0,0,0,59,FISHOG,10/02/1992,59,OTTER TRAWL,F103,10/02/1992,7:02,30,278,280,3.2,0.0356,,NA,-52.0557,74.21625,279,February,1992,summer,7,0.003526,0.00616,3.091985941,0.442126006,14,0.00408,3.26680994,34.2678299,0.069989167,2.293360661,0.721651901,0.174886046,0.012753493,1.303587387,0.459725844,5.631211782,-5.647591195,-5.089678501,-0.777124958
FIOG06000,0,0,0,1,0,1,0,4,29,0,0,0,0,0,0,0,0,0,0,0,0,0,6,0,0,0,60,FISHOG,10/02/1992,60,OTTER TRAWL,F122,10/02/1992,9:44,31,250,253,3.1,0.031,,NA,-52.23605,74.27195,251.5,February,1992,summer,9,0.002933,0.00653,3.158479929,0.410163999,14,0.003917,3.208142042,34.32757187,0.067446932,2.250422605,0.711730775,0.171983192,0.012800969,1.10551543,0.449521955,5.52744299,-5.831729489,-5.031348336,-0.799570583
FIOG06100,1,0,0,4,0,5,0,91,7,5,0,0,0,0,0,1,0,1,0,0,0,0,0,0,0,0,61,FISHOG,10/02/1992,61,OTTER TRAWL,F29,10/02/1992,15:40,30,253,316,3.7,0.0375,,NA,-52.46615,74.62945,284.5,February,1992,summer,15,0.007662,0.013715,3.233098984,0.411662996,2,0.003276,3.067883968,34.04494476,0.05720019,2.183566002,0.705211892,0.16502664,0.011955126,0.871911613,0.257837907,5.650733254,-4.871482233,-4.289265155,-1.355424159
FIOG06200,0,0,0,0,0,0,0,51,1,0,0,0,0,0,0,0,0,0,0,0,0,0,0,0,0,0,62,FISHOG,10/02/1992,62,OTTER TRAWL,S19,10/02/1992,19:37,32,224,260,3.3,0.041,,NA,-52.5133,74.9334,242,February,1992,summer,19,0.01138,0.010735,3.060241938,0.387973994,14,0.001689,3.052567005,34.39501953,0.066798404,2.126528015,0.72887346,0.165420426,0.012148597,0.803386957,0.290838952,5.488937726,-4.47589785,-4.534245848,-1.234985595
FIOG06300,0,0,0,2,0,0,0,7,0,4,0,0,0,0,0,0,0,16,0,0,0,0,0,0,0,0,63,FISHOG,10/02/1992,63,OTTER TRAWL,S20,10/02/1992,22:52,30,400,408,3.7,0.0277,,NA,-52.539,74.979,404,February,1992,summer,22,0.00971,0.01056,3.003509045,0.387694001,14,0.001311,3.070852995,34.39501953,0.066798404,2.072681336,0.763620992,0.168562604,0.012432699,0.930684377,0.621907802,6.001414878,-4.634598997,-4.550682001,-0.474963426
FIOG06400,1,0,0,3,0,1,0,453,134,5,0,0,0,0,0,0,0,0,0,0,0,0,0,0,0,0,64,FISHOG,11/02/1992,64,OTTER TRAWL,S22,11/02/1992,1:34,37,216,216,2.7,0.0531,,NA,-52.48705,75.002,216,February,1992,summer,1,0.00971,0.01056,3.003509045,0.387694001,14,0.001311,3.070852995,34.39501953,0.066798404,2.072681336,0.763620992,0.168562604,0.012432699,0.930684377,0.621907802,5.375278408,-4.634598997,-4.550682001,-0.474963426
FIOG06500,1,0,0,4,0,0,0,6248,75,3,0,0,0,0,0,0,0,0,0,0,0,0,0,0,0,0,65,FISHOG,11/02/1992,65,OTTER TRAWL,S16,11/02/1992,4:17,31,214,214,3.1,0.0453,Port side a bit wonky,NA,-52.466,75.04775,214,February,1992,summer,4,0.00971,0.01056,3.003509045,0.387694001,14,0.001311,3.070852995,34.39501953,0.066798404,2.072681336,0.763620992,0.168562604,0.012432699,0.930684377,0.621907802,5.365976015,-4.634598997,-4.550682001,-0.474963426
FIOG06600,0,0,0,4,0,0,0,32,18,11,0,0,0,0,0,2,0,0,0,0,0,2,0,0,0,0,66,FISHOG,11/02/1992,66,OTTER TRAWL,S9,11/02/1992,7:13,30,250,278,3.2,0.0338,,NA,-52.52735,75.18635,264,February,1992,summer,7,0.007868,0.015821001,2.902703047,0.408481985,14,0.00093,3.093411922,34.39501953,0.066798404,2.072681336,0.763620992,0.168562604,0.012432699,0.821730102,0.229696569,5.575949103,-4.844951378,-4.146417044,-1.470996106
FIOG06700,1,0,0,6,0,1,0,25465,63,5,0,1,0,0,0,0,0,0,0,0,0,0,0,0,0,0,67,FISHOG,11/02/1992,67,OTTER TRAWL,S8,11/02/1992,12:41,32,212,228,3.3,0.0361,,NA,-52.564,75.0889,220,February,1992,summer,12,0.008598,0.019733001,2.840255022,0.378921002,14,0.001252,3.075189114,34.39501953,0.066798404,2.072681336,0.763620992,0.168562604,0.012432699,0.749028801,0.291216559,5.393627546,-4.756225661,-3.925462867,-1.2336881
FIOG06800,1,0,0,2,0,0,0,213,4,9,0,0,0,0,0,1,0,0,0,0,0,0,0,0,0,0,68,FISHOG,11/02/1992,68,OTTER TRAWL,S13,11/02/1992,16:00,30,207,237,3.9,0.0381,,NA,-52.5304,75.1389,222,February,1992,summer,16,0.002669,0.012903,2.953105927,0.395363003,14,0.000995,3.087387085,34.39501953,0.066798404,2.072681336,0.763620992,0.168562604,0.012432699,0.930684377,0.621907802,5.402677382,-5.926051409,-4.350295437,-0.474963426
FIOG06900,0,0,0,0,0,2,0,0,1,1,0,0,0,0,0,0,0,13,0,0,0,0,0,0,0,0,69,FISHOG,11/02/1992,69,OTTER TRAWL,S15,11/02/1992,21:31,33,398,477,2.3,0.0401,Possibly some fish left from previous haul,NA,-52.70295,75.00095,437.5,February,1992,summer,21,0.017291,0.024498001,2.767333031,0.335985988,14,0.001591,3.079569101,34.39501953,0.066798404,2.072681336,0.763620992,0.168562604,0.012432699,0.749028801,0.291216559,6.081076706,-4.057569144,-3.709163757,-1.2336881
FIOG07000,0,0,0,0,0,0,0,0,1,0,0,0,0,0,0,0,0,0,0,0,0,0,0,0,0,0,70,FISHOG,11/02/1992,70,OTTER TRAWL,S7,11/02/1992,23:30,30,276,332,2.7,0.0458,,NA,-52.64855,75.0887,304,February,1992,summer,23,0.008598,0.019733001,2.840255022,0.378921002,14,0.001252,3.075189114,34.39501953,0.066798404,2.072681336,0.763620992,0.168562604,0.012432699,0.749028801,0.291216559,5.717027701,-4.756225661,-3.925462867,-1.2336881
FIOG07100,0,0,0,0,0,1,0,0,1,2,0,0,0,0,0,0,0,20,0,0,0,0,4,0,0,0,71,FISHOG,12/02/1992,71,OTTER TRAWL,S6,12/02/1992,3:23,37,406,433,3.9,0.0366,"Net pulled up at 3:01 before reached bottom, but false alarm and redployed at 3:08",NA,-52.73375,75.22075,419.5,February,1992,summer,3,0.010691,0.028542999,2.650562048,0.342680007,14,0.001978,3.098633051,34.39501953,0.066798404,2.072681336,0.763620992,0.168562604,0.012432699,0.791169215,0.283133392,6.039063526,-4.538353013,-3.556343592,-1.261837143
HIMS01900,0,0,0,0,1,0,0,52,35,1,0,0,0,0,1,28,0,40,1,0,1,0,0,0,0,0,19,HIMS,23/05/1990,19,OTTER TRAWL,78,23/05/1990,14:30,31,360,397,3,0.0139,,NA,-52.70555,75.1212,378.5,May,1990,Autumn/Winter,14,0.013483,0.025907001,2.709958076,0.352019995,14,0.001893,3.067961931,34.39501953,0.066798404,2.072681336,0.763620992,0.168562604,0.012432699,0.749028801,0.291216559,5.936216073,-4.306325646,-3.653242038,-1.2336881
HIMS02200,0,0,0,0,0,0,0,0,1,1,0,0,0,1,0,0,0,11,0,0,0,0,1,0,7,0,22,HIMS,24/05/1990,22,OTTER TRAWL,15,24/05/1990,4:15,31,725,751,3,0.0312,problem with net and cruise track. Doors first lowered at 03:14 then raised and repositioned at 03:46,NA,-52.56265,76.5467,738,May,1990,Autumn/Winter,4,0.011223,0.034320999,2.138211966,0.219834,14,0.002836,2.94463706,34.60419464,0.043166038,1.806658071,0.947131439,0.173892065,0.012519336,0.592502603,0.393491109,6.603943825,-4.489790035,-3.371997896,-0.932696806
HIMS02400,0,0,0,0,0,0,0,0,1,0,0,0,0,0,1,0,0,0,0,0,0,0,0,0,0,1,24,HIMS,24/05/1990,24,OTTER TRAWL,23,24/05/1990,15:08,27,232,232,3,0.0319,Net sonde not seeing straight,NA,-51.7016,76.53085,232,May,1990,Autumn/Winter,15,0.031037999,0.25761801,1.669402957,0.273613989,15,0.002503,3.167459011,34.69469452,0.005821189,2.005272029,0.899467602,0.234969849,0.013977545,0.619452431,0.22919566,5.446737372,-3.472543051,-1.356277373,-1.47317923
HIMS02500,0,0,0,0,0,0,0,0,8,3,0,0,0,0,1,5,0,0,0,0,0,0,0,0,0,0,25,HIMS,25/05/1990,25,OTTER TRAWL,63,24/05/1990,19:47,30,240,241,3,0.0334,,NA,-51.5428,76.0476,240.5,May,1990,Autumn/Winter,19,0.047244001,0.208002999,2.169011116,0.319932014,14,0.001985,3.224159956,34.38331985,0.073102102,2.064522541,0.856720776,0.200044064,0.013353717,0.775159988,0.275753994,5.48272009,-3.052429596,-1.570202781,-1.288246137
HIMS02700,0,0,0,3,0,0,0,40,4,4,0,0,0,0,1,7,0,0,0,0,2,0,0,0,0,1,27,HIMS,25/05/1990,27,OTTER TRAWL,140,25/05/1990,0:05,27,257,257,2.9,0.0346,Shorter tow as bottom coming up rapidly,NA,-51.36625,75.82965,257,May,1990,Autumn/Winter,0,0.009572,0.172142997,2.153996944,0.327333987,14,0.004327,3.294445992,34.38331985,0.073102102,2.142121786,0.864266819,0.221981239,0.013226731,0.873560031,0.327663954,5.549076085,-4.648913109,-1.75942977,-1.115766726
HIMS03200,0,0,0,0,0,0,0,0,0,7,0,0,0,0,0,0,0,4,0,0,0,0,5,0,0,0,32,HIMS,28/05/1990,32,OTTER TRAWL,8,28/05/1990,3:22,30,602,620,2.9,0.0328,,NA,-50.51865,74.1966,611,May,1990,Autumn/Winter,3,0.011665,0.041104,2.327613115,0.637601018,14,0.002622,3.579881907,34.53066635,0.051026199,2.404358262,0.920363831,0.204228684,0.013472383,1.270569317,0.39694063,6.415096959,-4.451162374,-3.191649839,-0.923968556
HIMS03400,0,0,0,0,0,0,0,0,0,5,0,0,0,0,0,0,1,1,0,0,0,0,2,0,0,0,34,HIMS,28/05/1990,34,OTTER TRAWL,16,28/05/1990,16:25,31,459,460,3.3,0.0455,,NA,-51.0039,72.92465,459.5,May,1990,Autumn/Winter,16,0.003476,0.006995,2.833508968,0.611331999,14,0.004571,3.735150099,34.42744446,0.059664596,2.69940189,0.897595171,0.214853354,0.013224196,1.088920938,0.148760019,6.130138942,-5.661873072,-4.962559671,-1.905420882
HIMS03500,0,0,0,0,0,0,0,0,1,7,0,0,0,0,0,1,0,0,0,0,0,0,0,0,0,1,35,HIMS,29/05/1990,35,OTTER TRAWL,159,29/05/1990,3:31,37,588,295,2.2,0.0468,,NA,-51.35625,71.89435,441.5,May,1990,Autumn/Winter,3,0.029459,0.037034001,2.629815102,0.457363993,14,0.002273,3.823048115,34.5308342,0.035954405,2.677446039,0.894343399,0.213783214,0.012425695,1.122863054,0.344197916,6.09017802,-3.524755813,-3.295918842,-1.06653845
HIMS03600,0,0,0,0,0,0,0,0,1,1,0,0,0,0,0,2,0,0,0,0,0,0,2,0,0,0,36,HIMS,29/05/1990,36,OTTER TRAWL,158,29/05/1990,7:45,27,340,354,3,0.0457,LONG COULD BE 51 DEG??,NA,-51.34965,71.69305,347,May,1990,Autumn/Winter,7,0.031877,0.063965999,2.691798925,0.476740986,14,0.003275,3.792926073,34.69594193,0.019540155,2.679309488,0.89769644,0.212149246,0.012183569,1.096980964,0.235537734,5.84932478,-3.445870532,-2.749403602,-1.445884149
HIMS03800,0,0,0,0,0,0,0,0,5,1,0,0,0,0,1,7,0,0,0,0,0,0,0,0,0,29,38,HIMS,29/05/1990,38,OTTER TRAWL,83,29/05/1990,16:50,31,302,303,2.7,0.0452,"Net looks hard, and net bouncing off bottom",NA,-51.87865,71.3404,302.5,May,1990,Autumn/Winter,16,0.036316,0.052289002,1.687921047,0.306995988,14,0.003256,3.605686903,34.25804901,0.055410251,2.581048026,0.893054015,0.198142483,0.012155887,0.814734155,0.341142656,5.712081277,-3.315496863,-2.950969217,-1.075454543
HIMS03900,0,0,0,0,0,1,0,0,7,0,0,0,0,0,7,3,0,0,0,0,0,0,0,0,0,1,39,HIMS,30/05/1990,39,OTTER TRAWL,61,30/05/1990,20:00,47,370,370,3.1,0.0375,net off bottom 20:05-12,NA,-51.9614,71.26485,370,May,1990,Autumn/Winter,20,0.028999001,0.040082999,1.759886026,0.298085988,14,0.002445,3.6218431,34.25804901,0.055410251,2.518250286,0.893277941,0.194414501,0.011858223,0.688422503,0.310501762,5.913503006,-3.540493898,-3.216803,-1.169565703
HIMS04000,0,0,0,0,0,0,0,0,7,1,0,0,0,0,1,1,0,0,0,0,0,0,0,0,0,6,40,HIMS,30/05/1990,40,OTTER TRAWL,131,30/05/1990,0:28,32,289,289,3.1,0.0507,00:52-54 bouncing off bottom,NA,-52.01385,71.36185,289,May,1990,Autumn/Winter,0,0.010122,0.037886001,1.918005943,0.281307012,14,0.001127,3.564600945,34.25804901,0.055410251,2.518250286,0.893277941,0.194414501,0.011858223,0.746876966,0.240395418,5.666426688,-4.593044006,-3.273173602,-1.425470136
HIMS04400,0,0,0,0,0,0,0,2,11,1,0,0,0,0,0,0,0,0,0,0,1,0,2,0,0,1,44,HIMS,31/05/1990,44,OTTER TRAWL,151,31/05/1990,11:10,30,274,279,3.1,0.0507,,NA,-52.43185,71.8311,276.5,May,1990,Autumn/Winter,11,0.028012,0.041466001,2.099787951,0.402348012,2,0.003188,3.349946022,34.20048523,0.047160972,2.452221882,0.844804666,0.18484026,0.01174376,0.8887569,0.273470925,5.622210821,-3.575122289,-3.182881441,-1.29655997
HIMS04510,0,0,0,0,0,0,0,0,14,4,0,0,0,0,0,5,0,0,0,0,0,0,2,0,0,0,45.09999847,HIMS,1/06/1990,451,OTTER TRAWL,35a,1/06/1990,20:33,33,330,352,2.7,0.0407,,NA,-52.77975,72.4091,341,June,1990,Autumn/Winter,20,0.033647001,0.038028002,2.668468952,0.407112986,14,0.009991,3.19869709,34.02859879,0.054865487,2.295839271,0.745673786,0.16942876,0.01323765,0.894994529,0.251268086,5.831882477,-3.39183135,-3.269432496,-1.381234838
HIMS04600,0,0,0,1,0,0,0,1,7,11,0,1,0,0,0,6,0,0,0,0,0,0,0,0,0,0,46,HIMS,1/06/1990,46,OTTER TRAWL,20,1/06/1990,4:32,31,251,264,3.4,0.0416,,NA,-53.19765,72.944,257.5,June,1990,Autumn/Winter,4,0.016799999,0.040727001,2.884196997,0.303795993,14,0.002367,3.08011198,34.03923416,0.057978421,2.207129485,0.697988999,0.165612445,0.01184708,0.685853917,0.240662255,5.55101972,-4.086376452,-3.200863991,-1.42436076
HIMS05400,0,0,0,0,0,0,0,36,13,3,0,0,0,0,0,3,0,0,0,0,0,0,0,0,0,0,54,HIMS,2/06/1990,54,OTTER TRAWL,39,2/06/1990,10:38,30,197,201,4.7,0.0484,net height 3.5-4.7m. Above normal tow speed?,NA,-52.68435,74.54445,199,June,1990,Autumn/Winter,10,0.002922,0.015281,3.233319044,0.358940005,2,0.002497,3.033632994,34.04494476,0.05720019,2.183566002,0.705211892,0.16502664,0.011955126,0.97097275,0.275733319,5.293304825,-5.835486966,-4.181145052,-1.288321116
HIMS05500,0,0,0,0,0,0,0,4,14,2,0,1,0,0,5,11,0,4,0,0,0,0,0,0,0,0,55,HIMS,2/06/1990,55,OTTER TRAWL,89,2/06/1990,14:25,40,204,402,3.2,0.0728,net height 3.8-5.3 m,NA,-52.56185,74.7817,303,June,1990,Autumn/Winter,14,0.015232,0.011179,3.050873995,0.368259013,14,0.001167,3.044554949,34.39501953,0.066798404,2.126528015,0.72887346,0.165420426,0.012148597,0.762810386,0.319819162,5.713732806,-4.184356801,-4.493718261,-1.139999562
HIMS05600,0,0,0,3,0,3,0,29,17,20,0,0,0,0,0,0,0,0,0,0,0,0,0,0,0,0,56,HIMS,2/06/1990,56,OTTER TRAWL,29,2/06/1990,18:20,44,222,242,3,0.049,Left on bottom extra 10 min,NA,-52.4401,74.64595,232,June,1990,Autumn/Winter,18,0.005183,0.009895,3.179487944,0.404374003,14,0.003796,3.10886097,34.04494476,0.05720019,2.208451354,0.699312557,0.166876428,0.01252906,0.871911613,0.257837907,5.446737372,-5.26237124,-4.6157257,-1.355424159
HIMS05700,1,0,0,2,0,1,0,413,12,3,0,2,0,0,0,0,0,0,0,0,0,0,0,0,0,0,57,HIMS,3/06/1990,57,OTTER TRAWL,4,3/06/1990,22:27,48,228,235,3,0.0359,,NA,-52.489,74.8937,231.5,June,1990,Autumn/Winter,22,0.01138,0.010735,3.060241938,0.387973994,14,0.001689,3.052567005,34.39501953,0.066798404,2.126528015,0.72887346,0.165420426,0.012148597,0.803386957,0.290838952,5.444579874,-4.47589785,-4.534245848,-1.234985595
HIMS05800,0,0,0,0,0,0,0,10,3,3,0,1,0,0,0,0,0,0,0,0,0,0,0,0,0,0,58,HIMS,3/06/1990,58,OTTER TRAWL,56,3/06/1990,2:46,45,280,310,3.2,0.0336,,NA,-52.1692,74.925,295,June,1990,Autumn/Winter,2,0.000772,0.008148,3.04522109,0.40396601,14,0.003443,3.195847988,34.42622757,0.056006897,2.167779726,0.74351515,0.171570391,0.012987055,0.94123642,0.372938452,5.686975356,-7.166526008,-4.809982781,-0.986341881
HIMS05900,0,0,0,0,0,0,0,0,1,0,0,0,0,0,0,0,0,2,0,0,0,0,5,0,0,0,59,HIMS,3/06/1990,59,OTTER TRAWL,7,3/06/1990,9:11,32,451,470,0.9,0.0468,,NA,-52.20575,75.46345,460.5,June,1990,Autumn/Winter,9,0.008325,0.014273,2.892770052,0.420486987,14,0.002649,3.136158943,34.48319244,0.06109136,2.05753161,0.846741325,0.174556562,0.013305118,0.975479864,0.453157449,6.132312856,-4.788492243,-4.249385638,-0.791515644
HIMS06000,0,0,0,0,0,0,0,0,0,3,0,0,0,0,0,0,0,4,0,0,0,0,3,0,0,0,60,HIMS,3/06/1990,60,OTTER TRAWL,14,3/06/1990,13:08,38,486,520,3.4,0.0615,net height 5.2-5.5m,NA,-52.25755,75.5669,503,June,1990,Autumn/Winter,13,0.012151,0.011079,2.768440962,0.364194989,14,0.001605,3.128890038,34.46677017,0.063581705,2.019501153,0.836661657,0.173191989,0.01323739,0.879567071,0.295134732,6.22059017,-4.410343808,-4.502703854,-1.220323308
HIMS06100,1,0,0,0,0,0,0,0,7,3,0,0,0,0,0,385,0,0,0,0,0,0,0,0,0,0,61,HIMS,3/06/1990,61,OTTER TRAWL,147,3/06/1990,17:48,34,269,285,3.6,0.047,,NA,-51.81695,76.2181,277,June,1990,Autumn/Winter,17,0.018694,0.164306,2.334691048,0.296288997,15,0.003098,3.256736994,34.52332306,0.058977157,2.020219838,0.866203042,0.176858445,0.01324731,0.71470229,0.302221098,5.624017506,-3.979552662,-1.806024736,-1.196596417
HIMS06200,0,0,0,0,0,0,0,0,18,3,0,0,0,0,0,8,0,0,1,0,0,0,0,0,0,0,62,HIMS,4/06/1990,62,OTTER TRAWL,135,4/06/1990,1:22,38,246,246,3,0.0574,,NA,-51.64825,76.05395,246,June,1990,Autumn/Winter,1,0.030786,0.210048005,2.250564098,0.297942013,15,0.002093,3.254481077,34.38331985,0.073102102,2.064522541,0.856720776,0.200044064,0.013353717,0.836302791,0.327574781,5.505331536,-3.480695238,-1.560419179,-1.116038911
HIMS06400,0,0,0,0,0,0,0,0,0,0,0,0,0,0,0,18,0,0,0,0,0,0,1,0,0,0,64,HIMS,4/06/1990,64,OTTER TRAWL,175,4/06/1990,12:54,5,365,550,3.3,0.0692,,NA,-51.54425,75.5135,457.5,June,1990,Autumn/Winter,12,0.008848,0.076710001,2.346273899,0.347364008,14,0.003796,3.38624692,34.49359512,0.057070483,2.123438522,0.857042035,0.187145879,0.013246077,0.951792417,0.416028103,6.125776885,-4.727563834,-2.567723188,-0.877002466
HIMS06500,0,0,0,1,0,0,0,16,6,2,0,0,0,0,0,20,0,0,0,0,0,0,2,0,0,0,65,HIMS,4/06/1990,65,OTTER TRAWL,136,4/06/1990,15:59,37,302,344,3,0.0487,,NA,-51.47895,75.73925,323,June,1990,Autumn/Winter,15,0.010274,0.119995996,2.372246027,0.352070987,14,0.003527,3.344786882,34.49359512,0.057070483,2.123438522,0.857042035,0.187145879,0.013246077,0.91124124,0.403037766,5.777652323,-4.578138847,-2.120296903,-0.908725009
HIMS06600,0,0,0,0,0,0,0,0,0,1,0,0,0,0,0,1,0,0,0,0,0,0,0,0,0,0,66,HIMS,5/06/1990,66,OTTER TRAWL,143,4/06/1990,0:49,31,455,522,3,0.0326,,NA,-51.3341,75.5741,488.5,June,1990,Autumn/Winter,0,0.005529,0.125925004,2.226341963,0.320077986,14,0.004337,3.36660409,34.49359512,0.057070483,2.16387401,0.859508885,0.205299763,0.013318782,0.850261449,0.340847006,6.191339471,-5.197748312,-2.072068756,-1.076321565
HIMS06700,0,0,0,0,0,0,0,0,0,3,3,0,0,0,0,0,0,0,0,0,0,0,6,0,0,0,67,HIMS,5/06/1990,67,OTTER TRAWL,17,5/06/1990,7:03,38,581,594,2.3,0.0496,,NA,-51.2329,75.3387,587.5,June,1990,Autumn/Winter,7,0.006184,0.070550002,2.218257904,0.335092992,14,0.002487,3.469854116,34.71121597,0.02137549,2.226563947,0.870573871,0.211147309,0.013413278,0.988050874,0.362531569,6.375876246,-5.085789968,-2.651433572,-1.014643722
HIMS06800,0,0,0,0,0,0,0,0,0,6,0,0,0,0,0,0,0,2,0,0,0,0,6,0,0,0,68,HIMS,6/06/1990,68,OTTER TRAWL,18,6/06/1990,2:31,31,498,498,3.4,0.0397,,NA,-51.17865,74.60275,498,June,1990,Autumn/Winter,2,0.007118,0.032721002,2.430870056,0.638105989,14,0.003257,3.405360937,34.46085739,0.052971784,2.265728902,0.873568007,0.190197653,0.013696654,1.250222344,0.454405702,6.210600077,-4.945128492,-3.419738144,-0.788764863
HIMS06900,0,0,0,0,0,0,0,0,4,3,0,0,0,0,0,0,0,0,0,0,0,0,7,0,0,0,69,HIMS,6/06/1990,69,OTTER TRAWL,2,6/06/1990,6:50,34,429,490,3.4,0.0479,,NA,-51.1405,74.36085,459.5,June,1990,Autumn/Winter,6,0.004496,0.028751001,2.512615919,0.668783009,14,0.003902,3.469547987,34.46085739,0.052971784,2.307051625,0.864107205,0.19139507,0.013666324,1.39496276,0.621301853,6.130138942,-5.404567166,-3.549082695,-0.475938239
HIMS07000,0,0,0,0,0,0,0,0,2,6,0,0,0,0,0,0,0,0,0,0,1,0,3,0,0,0,70,HIMS,6/06/1990,70,OTTER TRAWL,25,6/06/1990,13:26,36,441,464,3.7,0.0533,,NA,-51.1176,74.036,452.5,June,1990,Autumn/Winter,13,0.003016,0.014537,2.66723609,0.719175994,14,0.005057,3.631520033,34.4524765,0.05489143,2.372424656,0.859958688,0.19406542,0.013592014,1.344739688,0.390555087,6.114787763,-5.803823829,-4.231058156,-0.940186252
HIMS07100,0,0,0,0,0,0,0,1,4,2,0,0,0,0,1,5,0,0,0,0,0,0,1,0,0,0,71,HIMS,7/06/1990,71,OTTER TRAWL,123,7/06/1990,21:30,32,266,272,2.5,0.0279,,NA,-51.1786,72.9803,269,June,1990,Autumn/Winter,21,0.005233,0.006402,2.890546083,0.57594198,2,0.001745,3.623441935,34.42744446,0.059664596,2.664174307,0.892690902,0.213697407,0.01335016,1.042088072,0.159851385,5.59471138,-5.252770552,-5.051144837,-1.833510739
HIMS07200,0,0,0,0,0,0,0,0,4,3,0,0,0,0,0,2,0,0,0,0,0,0,0,0,0,1,72,HIMS,7/06/1990,72,OTTER TRAWL,124,7/06/1990,10:17,31,263,278,2.5,0.0483,,NA,-51.2309,72.6729,270.5,June,1990,Autumn/Winter,10,0.003589,0.008372,2.883526087,0.592202008,2,0.002842,3.631903887,34.42160797,0.060313124,2.71581445,0.900757115,0.215550446,0.013082397,1.130755758,0.188973393,5.600272098,-5.629881667,-4.782862474,-1.666149052
HIMS07300,0,0,0,1,0,0,0,2,23,5,0,0,0,0,1,10,0,0,0,0,2,0,4,0,0,7,73,HIMS,7/06/1990,73,OTTER TRAWL,86,7/06/1990,5:27,31,266,285,3,0.0414,net height 2.4-3.7m; width 13.1-15m; left bottom time ammended from 16:58,NA,-51.14275,72.57775,275.5,June,1990,Autumn/Winter,5,0.011856,0.008922,2.874706984,0.582195997,14,0.003756,3.694386959,34.42160797,0.060313124,2.71581445,0.900757115,0.215550446,0.013082397,1.099524143,0.154131254,5.618587629,-4.43492121,-4.719235142,-1.869950741
HIMS07400,0,0,0,0,0,0,0,0,48,23,0,0,0,0,0,36,0,0,0,0,0,0,1,0,0,4,74,HIMS,7/06/1990,74,OTTER TRAWL,160,7/06/1990,9:47,40,260,320,3.3,0.0603,,NA,-51.29135,72.0565,290,June,1990,Autumn/Winter,9,0.031035,0.019616,2.856615067,0.467983007,14,0.002051,3.767352104,34.5308342,0.035954405,2.683747373,0.88999924,0.21173243,0.012561797,1.000417373,0.155284489,5.669880923,-3.472639679,-3.931409719,-1.862496431
HIMS07500,0,0,0,1,0,0,0,0,16,9,0,0,0,0,1,13,0,0,0,0,0,0,0,0,0,1,75,HIMS,7/06/1990,75,OTTER TRAWL,70,7/06/1990,13:39,31,270,292,3.2,0.0427,,NA,-51.335,72.04675,281,June,1990,Autumn/Winter,13,0.021868,0.029065,2.847805023,0.478266001,14,0.002329,3.758388042,34.5308342,0.035954405,2.683747373,0.88999924,0.21173243,0.012561797,1.000417373,0.155284489,5.638354669,-3.822730898,-3.538220578,-1.862496431
HIMS07700,0,0,0,0,0,1,0,0,3,4,0,0,0,0,5,5,0,0,0,0,1,0,0,0,0,0,77,HIMS,8/06/1990,77,OTTER TRAWL,103,8/06/1990,1:29,31,272,284,3,0.0446,,NA,-51.2811,73.042,278,June,1990,Autumn/Winter,1,0.003856,0.005465,2.897814989,0.556823015,2,0.002311,3.704849005,34.39898682,0.058030304,2.631628962,0.863565957,0.207387254,0.012657694,1.042088072,0.159851385,5.627621114,-5.558124902,-5.209391157,-1.833510739
HIMS07800,0,0,0,0,0,0,0,0,1,0,0,0,0,0,0,0,12,7,0,1,0,0,10,0,1,0,78,HIMS,8/06/1990,78,OTTER TRAWL,53,8/06/1990,6:11,31,448,454,3.8,0.0435,net height 3.7-4.2m,NA,-51.51915,73.6845,451,June,1990,Autumn/Winter,6,0.002755,0.008542,2.910860062,0.632310987,14,0.004623,3.54886508,34.40552521,0.056837015,2.453210931,0.808846701,0.191013706,0.012167061,1.181613814,0.286988611,6.11146734,-5.894337836,-4.762760107,-1.248312747
HIMS07900,0,0,0,0,0,0,0,0,1,1,0,0,0,0,0,0,1,1,0,0,0,0,1,0,0,0,79,HIMS,8/06/1990,79,OTTER TRAWL,82,8/06/1990,10:46,34,414,428,3,0.0342,net height 4.5-5m,NA,-51.2978,74.06975,421,June,1990,Autumn/Winter,10,0.001963,0.008067,2.802129984,0.767319024,14,0.006149,3.506356955,34.37556458,0.054476369,2.344988825,0.821498938,0.189048108,0.01306012,1.445141265,0.479296759,6.042632834,-6.233281364,-4.819973613,-0.735435335
HIMS08000,0,0,0,4,0,1,0,0,14,2,0,0,0,0,0,4,0,0,0,0,0,0,0,0,0,0,80,HIMS,9/06/1990,80,OTTER TRAWL,79.6,8/06/1990,22:16,32,298,305,3,0.0375,,NA,-51.8567,74.36745,301.5,June,1990,Autumn/Winter,22,0.005815,0.011647,3.000900984,0.474617004,2,0.003631,3.249695063,34.32757187,0.067446932,2.244901558,0.748375451,0.176765702,0.012646101,1.338542631,0.750511179,5.708770016,-5.147314493,-4.452706643,-0.287000733
HIMS08100,0,0,0,1,0,0,0,7,9,2,0,0,0,0,0,20,0,0,2,0,0,0,1,0,0,0,81,HIMS,9/06/1990,81,OTTER TRAWL,79,9/06/1990,3:26,34,310,315,3,0.0523,,NA,-51.89175,73.87015,312.5,June,1990,Autumn/Winter,3,0.001173,0.009349,2.997415066,0.514693022,14,0.003989,3.375421047,34.2678299,0.069989167,2.349354841,0.765807264,0.181982063,0.012310088,1.153590108,0.417110718,5.744604469,-6.748190709,-4.672485893,-0.874403582
HIMS08200,0,0,0,0,0,0,0,2,1,1,0,0,0,0,0,0,0,1,0,0,0,0,9,0,0,0,82,HIMS,9/06/1990,82,OTTER TRAWL,71,9/06/1990,7:21,30,402,414,2.6,0.0403,,NA,-51.7556,73.72,408,June,1990,Autumn/Winter,7,0.006859,0.010764,2.954632998,0.602497995,14,0.00377,3.4667871,34.30471802,0.063633591,2.405217263,0.784037045,0.184509785,0.012058316,1.026386136,0.272430075,6.011267174,-4.98219362,-4.531548046,-1.300373303
HIMS08300,0,0,0,0,0,0,0,0,0,3,0,0,0,0,0,0,0,7,0,0,1,0,2,0,0,0,83,HIMS,9/06/1990,83,OTTER TRAWL,9,9/06/1990,12:08,30,464,473,3.5,0.0469,net height 3-5.4m,NA,-51.8314,73.40225,468.5,June,1990,Autumn/Winter,12,0.003013,0.011765,2.924855947,0.652567983,14,0.005174,3.503660917,34.30471802,0.063633591,2.460025612,0.799748243,0.186336529,0.011936556,1.068055612,0.258317986,6.149536102,-5.804819019,-4.442626257,-1.353563949
HIMS08400,0,0,0,0,0,0,0,0,1,3,0,0,0,0,0,0,3,2,0,1,0,0,5,0,0,0,84,HIMS,9/06/1990,84,OTTER TRAWL,21,9/06/1990,16:18,31,439,439,3,0.0503,net height 3.5-4.4m,NA,-51.89665,73.19445,439,June,1990,Autumn/Winter,16,0.002209,0.013363,2.913243055,0.608123004,14,0.00539,3.510946035,34.38586044,0.057070483,2.509817706,0.812913642,0.188814519,0.01210633,0.980283561,0.122459619,6.084499413,-6.115215355,-4.315265585,-2.099973944
HIMS08500,0,0,0,0,0,0,0,0,0,0,0,0,0,0,0,0,37,16,0,0,3,0,3,1,0,0,85,HIMS,10/06/1990,85,OTTER TRAWL,11,9/06/1990,21:47,33,663,681,2.5,0.03,,NA,-51.9728,72.7339,672,June,1990,Autumn/Winter,21,0.006724,0.007952,2.855361938,0.567835987,14,0.007704,3.50605011,34.46952057,0.050299849,2.499570444,0.779784831,0.18021423,0.011891551,1.064795157,0.307163112,6.510258341,-5.002072063,-4.83433181,-1.180376363
HIMS08800,0,0,0,0,0,0,0,0,1,4,0,0,0,0,0,0,15,41,0,1,0,0,5,0,0,0,88,HIMS,11/06/1990,88,OTTER TRAWL,68,10/06/1990,19:18,31,476,489,2.8,0.0331,,NA,-52.2954,72.31825,482.5,June,1990,Autumn/Winter,19,0.003003,0.027293,2.762830973,0.465330005,14,0.005371,3.454148054,34.34674072,0.046875618,2.438313601,0.751220578,0.175598704,0.012161342,0.96265603,0.281401453,6.178980921,-5.80814349,-3.60112502,-1.267972971
HIMS09000,0,0,0,0,0,0,0,2,0,44,0,0,0,0,2,35,1,0,0,0,0,0,1,0,0,1,90,HIMS,11/06/1990,90,OTTER TRAWL,60,11/06/1990,3:13,32,234,238,3.5,0.0423,,NA,-52.43575,72.12775,236,June,1990,Autumn/Winter,3,0.016317001,0.060699001,2.618603945,0.366797,2,0.002475,3.442049026,34.20048523,0.047160972,2.447959391,0.798912657,0.180590917,0.01203113,0.873641724,0.233668275,5.463831805,-4.115547709,-2.801828039,-1.453852798
HIMS09100,0,0,0,0,0,0,0,1,21,23,0,0,0,0,0,45,0,0,0,0,0,0,0,0,0,0,91,HIMS,11/06/1990,91,OTTER TRAWL,150,11/06/1990,8:09,33,266,380,3.4,0.0537,,NA,-52.5446,72.19995,323,June,1990,Autumn/Winter,8,0.026601,0.029929999,2.729358912,0.37281701,2,0.003078,3.400798082,34.20048523,0.047160972,2.376363739,0.794749393,0.175912501,0.012720122,0.855615811,0.223118765,5.777652323,-3.62680647,-3.508893991,-1.500051071
HIMS09300,0,0,0,0,0,0,0,0,1,2,0,0,0,0,0,4,0,0,0,0,0,0,0,0,0,0,93,HIMS,11/06/1990,93,OTTER TRAWL,22,11/06/1990,15:12,34,276,329,3.5,0.044,few short snags,NA,-52.6647,72.53105,302.5,June,1990,Autumn/Winter,15,0.014296,0.046944,2.866446972,0.415562987,2,0.009485,3.199095011,34.34674072,0.046875618,2.35911699,0.67961218,0.167274522,0.01323559,0.953643362,0.277559746,5.712081277,-4.247775501,-3.058799877,-1.281719068
HIMS09400,0,0,0,2,0,1,0,10,10,9,0,0,0,0,1,0,0,0,0,0,0,0,0,0,0,1,94,HIMS,12/06/1990,94,OTTER TRAWL,62,11/06/1990,20:50,30,286,288,3,0.0487,net height 4-5.5m,NA,-52.48875,72.7262,287,June,1990,Autumn/Winter,20,0.001002,0.020043001,3.004522085,0.431603998,14,0.005803,3.259514093,34.34674072,0.046875618,2.35911699,0.67961218,0.167274522,0.01323559,0.982663419,0.347918652,5.659482216,-6.905757276,-3.909875263,-1.055786585
HIMS09500,0,0,0,29,0,7,0,37,49,10,0,1,0,0,1,0,0,0,0,0,0,0,0,0,0,10,95,HIMS,12/06/1990,95,OTTER TRAWL,45,12/06/1990,0:17,31,260,267,3,0.0258,,NA,-52.31125,72.8336,263.5,June,1990,Autumn/Winter,0,0.003282,0.017729999,2.995136976,0.494313985,14,0.004604,3.320538998,34.18261337,0.055747487,2.40425046,0.696889831,0.171540441,0.01274506,0.935305985,0.230273606,5.574053368,-5.719302286,-4.032497215,-1.468487086
HIMS09700,0,0,0,0,0,0,0,0,0,2,0,0,0,0,0,0,0,1,0,1,0,0,2,0,0,0,97,HIMS,14/06/1990,97,OTTER TRAWL,84,13/06/1990,20:21,31,386,414,3.1,0.0368,,NA,-51.97605,73.431,400,June,1990,Autumn/Winter,20,0.006453,0.013532,2.974432945,0.55588901,14,0.002823,3.47021699,34.30471802,0.063633591,2.408125374,0.759150662,0.177719747,0.012419494,0.988929095,0.236380949,5.991464547,-5.04321014,-4.302698028,-1.442310585
HIMS09800,0,0,0,0,0,0,0,4,1,1,0,0,0,0,1,0,0,0,0,0,0,0,2,0,0,0,98,HIMS,14/06/1990,98,OTTER TRAWL,50,14/06/1990,0:14,46,341,370,3,0.0532,8 min sitting just above bottom,NA,-51.966,73.5569,355.5,June,1990,Autumn/Winter,0,0.003278,0.011541,3.002665043,0.554717004,14,0.002979,3.423960924,34.30471802,0.063633591,2.371621268,0.753409165,0.178117323,0.012568307,1.011676117,0.232493943,5.873525249,-5.720521799,-4.461849367,-1.458891106
HIMS09900,0,0,0,0,1,0,0,14,19,2,0,1,0,0,3,48,0,0,1,0,1,0,0,0,0,1,99,HIMS,14/06/1990,99,OTTER TRAWL,65,14/06/1990,4:57,32,306,308,3.4,0.0397,,NA,-52.06555,73.66395,307,June,1990,Autumn/Winter,4,0.002603,0.008939,3.065926075,0.461493999,14,0.003276,3.398260117,34.30471802,0.063633591,2.371621268,0.753409165,0.178117323,0.012568307,1.011676117,0.232493943,5.726847748,-5.951090653,-4.717331553,-1.458891106
HIMS10000,0,0,0,0,0,0,0,6,14,0,0,0,0,0,0,0,0,0,0,0,0,0,2,0,0,0,100,HIMS,14/06/1990,100,OTTER TRAWL,64,14/06/1990,8:56,30,280,280,3.3,0.0364,net sonde twisted,NA,-52.09225,73.97545,280,June,1990,Autumn/Winter,8,0.003313,0.005682,3.096139908,0.469651997,14,0.004238,3.314806938,34.2678299,0.069989167,2.293360661,0.721651901,0.174886046,0.012753493,1.277625498,0.474365832,5.634789603,-5.709901156,-5.170451996,-0.745776458
HIMS10300,0,0,0,0,0,0,0,4,1,3,0,1,0,0,0,0,0,0,0,0,0,0,0,0,0,1,103,HIMS,17/06/1990,103,OTTER TRAWL,75,17/06/1990,20:40,31,235,235,3,0.044,,NA,-52.34565,74.2679,235,June,1990,Autumn/Winter,20,0.002331,0.00687,3.212050915,0.401237994,14,0.004317,3.204106092,34.04494476,0.05720019,2.25587264,0.693249584,0.169589265,0.012483506,1.10551543,0.449521955,5.459585514,-6.061457919,-4.980591173,-0.799570583
HIMS10400,0,0,0,4,0,3,0,12,7,5,0,0,0,0,1,0,0,0,0,0,1,0,0,0,0,6,104,HIMS,17/06/1990,104,OTTER TRAWL,26,17/06/1990,1:31,35,202,205,3,0.0318,,NA,-52.66075,74.0569,203.5,June,1990,Autumn/Winter,1,0.000968,0.00519,3.343727112,0.456725001,2,0.006613,3.209310055,34.01951981,0.049936675,2.285106896,0.696393404,0.171747279,0.012175853,1.025382892,0.306048394,5.315666005,-6.940278471,-5.261021582,-1.184012039
HIMS10500,0,0,0,1,0,0,0,3,6,0,0,0,0,0,0,0,0,0,0,0,0,0,0,0,0,0,105,HIMS,17/06/1990,105,OTTER TRAWL,72,17/06/1990,12:55,30,192,196,2.7,0.046,,NA,-52.73575,74.17255,194,June,1990,Autumn/Winter,12,0.002628,0.007798,3.349498034,0.464448988,2,0.005657,3.217212915,34.01951981,0.049936675,2.285106896,0.696393404,0.171747279,0.012175853,1.051370366,0.323683046,5.267858159,-5.941532178,-4.853887988,-1.127990495
HIMS10600,0,0,0,6,0,0,0,9,13,1,0,0,0,0,1,0,0,0,0,0,0,0,0,0,0,0,106,HIMS,17/06/1990,106,OTTER TRAWL,32,17/06/1990,16:30,46,173,174,2.9,0.0735,,NA,-52.8818,74.16545,173.5,June,1990,Autumn/Winter,16,0.010346,0.014484,3.21591711,0.374783009,2,0.002844,3.029015064,33.94396591,0.042802863,2.231779553,0.708434238,0.166241908,0.011274199,0.917467006,0.270499246,5.156177599,-4.571155307,-4.234710687,-1.307485968
HIMS11100,0,0,0,2,0,0,0,34,29,4,0,0,0,0,10,0,0,0,0,0,1,0,0,0,0,0,111,HIMS,20/06/1990,111,OTTER TRAWL,3,19/06/1990,21:20,36,210,210,3,0.0437,,NA,-52.67355,73.0214,210,June,1990,Autumn/Winter,21,0.000945,0.015648,3.203080893,0.404579014,14,0.006358,3.013230085,34.18261337,0.055747487,2.341013808,0.649181031,0.168546164,0.013160194,0.869313001,0.120123938,5.347107531,-6.96432563,-4.157412166,-2.119231253
HIMS11300,0,0,0,24,0,3,0,7,133,2,0,3,0,0,0,0,0,0,0,0,0,0,0,0,0,1,113,HIMS,20/06/1990,113,OTTER TRAWL,109,20/06/1990,15:37,33,226,226,2.2,0.0322,,NA,-52.58115,74.39335,226,June,1990,Autumn/Winter,15,0.003131,0.010993,3.305768967,0.428831995,2,0.005171,3.086194038,34.04494476,0.05720019,2.238087732,0.694681907,0.167505631,0.011962012,0.97097275,0.275733319,5.420534999,-5.766402837,-4.510496572,-1.288321116
HIMS11400,1,0,0,2,0,1,0,3164,24,5,0,2,0,0,0,0,0,0,0,0,0,0,0,0,0,0,114,HIMS,20/06/1990,114,OTTER TRAWL,300,20/06/1990,22:38,59,220,251,3,0.0946,,NA,-52.59115,75.09,235.5,June,1990,Autumn/Winter,22,0.008598,0.019733001,2.840255022,0.378921002,14,0.001252,3.075189114,34.39501953,0.066798404,2.072681336,0.763620992,0.168562604,0.012432699,0.749028801,0.291216559,5.461710913,-4.756225661,-3.925462867,-1.2336881
THIR00400,0,0,0,0,0,0,0,11,13,0,0,0,0,0,0,0,0,0,0,0,0,0,0,0,0,0,4,THIRST,2/09/1993,4,OTTER TRAWL,S13,2/09/1993,10:49,30,211,220,2,0.0321,,NA,-52.5426,75.0638,215.5,September,1993,Spring,10,0.002669,0.012903,2.953105927,0.395363003,14,0.000995,3.087387085,34.39501953,0.066798404,2.072681336,0.763620992,0.168562604,0.012432699,0.930684377,0.621907802,5.37296091,-5.926051409,-4.350295437,-0.474963426
THIR00710,0,0,0,0,0,0,0,84,9,0,0,0,0,0,0,0,0,0,0,0,0,0,0,0,0,0,7.099999905,THIRST,5/09/1993,7,OTTER TRAWL,S9A,5/09/1993,15:40,30,208,244,2.6,0.0537,repeat of S9 that morining where net did not fire properly,NA,-52.523,75.13725,226,September,1993,Spring,15,0.002669,0.012903,2.953105927,0.395363003,14,0.000995,3.087387085,34.39501953,0.066798404,2.072681336,0.763620992,0.168562604,0.012432699,0.930684377,0.621907802,5.420534999,-5.926051409,-4.350295437,-0.474963426
THIR00810,0,0,0,0,0,1,0,69,8,0,0,0,0,0,0,0,0,0,0,0,0,0,0,0,0,0,8.100000381,THIRST,5/09/1993,88,OTTER TRAWL,T34A,5/09/1993,12:48,32,244,258,2.8,0.0282,Second attaempt at T34,NA,-52.4947,75.15425,251,September,1993,Spring,12,0.007868,0.015821001,2.902703047,0.408481985,14,0.00093,3.093411922,34.39501953,0.066798404,2.072681336,0.763620992,0.168562604,0.012432699,0.821730102,0.229696569,5.525452939,-4.844951378,-4.146417044,-1.470996106
THIR00900,0,0,0,0,0,0,0,17,5,0,0,0,0,0,0,0,0,0,0,0,0,0,0,0,0,0,9,THIRST,6/09/1993,9,OTTER TRAWL,T35,5/06/1993,18:45,34,214,227,4.3,0.0467,,NA,-52.54695,75.0529,220.5,June,1993,Spring,18,0.002669,0.012903,2.953105927,0.395363003,14,0.000995,3.087387085,34.39501953,0.066798404,2.072681336,0.763620992,0.168562604,0.012432699,0.930684377,0.621907802,5.395897695,-5.926051409,-4.350295437,-0.474963426
THIR01000,1,0,0,1,0,0,0,276,1,1,0,0,0,0,0,0,0,0,0,0,0,0,0,0,0,0,10,THIRST,6/09/1993,10,OTTER TRAWL,S8,5/09/1993,21:49,32,217,222,3.6,0.0515,sonar crooked in bag,NA,-52.56315,75.08875,219.5,September,1993,Spring,21,0.008598,0.019733001,2.840255022,0.378921002,14,0.001252,3.075189114,34.39501953,0.066798404,2.072681336,0.763620992,0.168562604,0.012432699,0.749028801,0.291216559,5.391352233,-4.756225661,-3.925462867,-1.2336881
THIR01200,0,0,0,0,0,0,0,0,3,6,0,0,0,0,0,0,0,0,0,0,0,0,0,0,0,0,12,THIRST,6/09/1993,12,OTTER TRAWL,F72,6/09/1993,7:16,35,434,455,2.5,0.0327,netsonde not straight; 5min extra to adjust for playing with wire; stopeed for 3min at 100m to investigate markes,NA,-52.2114,75.41475,444.5,September,1993,Spring,7,0.005886,0.010656,2.9199121,0.44580999,14,0.002732,3.122423887,34.48319244,0.06109136,2.095361007,0.815207431,0.17493532,0.013115577,0.975479864,0.453157449,6.096950055,-5.135178629,-4.541632165,-0.791515644
THIR01300,0,0,0,0,0,0,0,0,3,5,0,0,0,0,0,0,0,0,0,0,0,0,5,0,0,0,13,THIRST,6/09/1993,13,OTTER TRAWL,F14,6/09/1993,9:34,32,464,493,2.3,0.0417,,NA,-52.24255,75.534,478.5,September,1993,Spring,9,0.008325,0.014273,2.892770052,0.420486987,14,0.002649,3.136158943,34.48319244,0.06109136,2.05753161,0.846741325,0.174556562,0.013305118,0.975479864,0.453157449,6.170656211,-4.788492243,-4.249385638,-0.791515644
THIR01400,0,0,0,0,0,0,0,0,12,0,0,0,0,0,1,6,0,0,0,0,0,0,0,0,0,0,14,THIRST,6/09/1993,14,OTTER TRAWL,T44,6/09/1993,16:57,40,246,255,2.6,0.0584,,NA,-51.8299,76.281,250.5,September,1993,Spring,16,0.015065,0.207473993,2.2219491,0.289256006,15,0.003926,3.233150005,34.52202606,0.059457067,1.985004234,0.875191855,0.180080434,0.01337451,0.71470229,0.302221098,5.523458921,-4.195381106,-1.572749282,-1.196596417
THIR01500,0,0,0,0,0,0,0,16,12,3,0,0,0,0,0,1,0,0,0,0,0,0,0,0,0,0,15,THIRST,6/09/1993,15,OTTER TRAWL,T45,6/09/1993,20:43,37,232,251,2.6,0.0546,,NA,-51.7328,76.2169,241.5,September,1993,Spring,20,0.004355,0.226280004,2.255578041,0.265051991,15,0.003161,3.271992922,34.38331985,0.073102102,2.064522541,0.856720776,0.200044064,0.013353717,0.701685929,0.254331594,5.486869473,-5.436430669,-1.485982091,-1.369116375
THIR01700,1,0,0,0,0,0,0,1288,4,1,0,0,0,0,0,1,0,0,0,0,0,0,0,0,0,2,17,THIRST,7/09/1993,17,OTTER TRAWL,F138,7/09/1993,4:29,31,243,260,3.2,0.045,Port door momentarily bogged,NA,-51.59035,75.92025,251.5,September,1993,Spring,4,0.012692,0.135449007,2.459621906,0.320351005,14,0.002313,3.312174082,34.38331985,0.073102102,2.094620076,0.851689055,0.191202568,0.013291763,0.952201361,0.383177639,5.52744299,-4.366783405,-1.999160042,-0.959256588
THIR01800,0,0,0,0,0,0,0,8,4,2,0,0,0,0,0,0,0,0,0,0,0,0,0,0,0,0,18,THIRST,7/09/1993,18,OTTER TRAWL,F63,7/09/1993,7:15,21,191,231,2.5,0.0319,,NA,-51.544,76.06115,211,September,1993,Spring,7,0.093575999,0.236711994,2.004345894,0.313639998,14,0.001248,3.173814058,34.38331985,0.073102102,2.064522541,0.856720776,0.200044064,0.013353717,0.775159988,0.275753994,5.351858133,-2.368981349,-1.440911092,-1.288246137
THIR01900,1,0,0,0,0,0,0,856,16,1,0,0,0,0,0,0,0,0,0,0,0,0,0,0,0,0,19,THIRST,7/09/1993,19,OTTER TRAWL,T100,7/09/1993,9:03,32,235,235,2.5,0.0524,extra trawl to get target,NA,-51.55015,76.03925,235,September,1993,Spring,9,0.001382,0.177403003,2.391196012,0.307078004,15,0.002216,3.29379797,34.38331985,0.073102102,2.064522541,0.856720776,0.200044064,0.013353717,0.836302791,0.327574781,5.459585514,-6.584223554,-1.729331281,-1.116038911
THIR02000,0,0,0,0,0,0,0,3,2,3,0,0,0,0,0,6,0,0,0,0,0,0,0,0,0,6,20,THIRST,8/09/1993,20,OTTER TRAWL,T47,8/09/1993,1:12,36,265,281,3.2,0.0545,Moved site SW to position on the plateau,NA,-51.2659,75.6846,273,September,1993,Spring,1,0.017716,0.156982005,2.204174995,0.321518004,14,0.004445,3.354027987,34.49359512,0.057070483,2.16387401,0.859508885,0.205299763,0.013318782,0.850261449,0.340847006,5.609471795,-4.033287093,-1.851624098,-1.076321565
THIR02100,0,0,0,0,0,0,0,0,1,7,0,0,0,0,0,8,0,0,0,0,0,0,2,0,0,3,21,THIRST,8/09/1993,21,OTTER TRAWL,F17,8/09/1993,8:06,30,337,541,2.5,0.0497,,NA,-51.29,75.43185,439,September,1993,Spring,8,0.010147,0.081632003,2.239973068,0.321998,14,0.002583,3.431027889,34.49359512,0.057070483,2.182193654,0.861035913,0.19370372,0.013444025,0.918705022,0.44049484,6.084499413,-4.590577184,-2.5055339,-0.819856548
THIR02300,0,0,0,0,0,0,0,0,0,7,0,0,0,0,0,0,0,2,0,2,0,0,1,0,0,0,23,THIRST,8/09/1993,23,OTTER TRAWL,T26,8/09/1993,20:03,32,685,695,2.4,0.0506,,NA,-51.05865,74.7922,690,September,1993,Spring,20,0.00781,0.028888,2.285738945,0.452645004,14,0.002706,3.478955984,34.53152084,0.045332123,2.245292558,0.875220206,0.190615692,0.013679576,1.136450117,0.433663111,6.536691598,-4.852350315,-3.544328995,-0.835487288
THIR02400,0,0,0,0,0,0,0,0,0,5,0,0,0,0,0,0,0,0,0,0,0,0,2,0,0,0,24,THIRST,9/09/1993,24,OTTER TRAWL,T21,9/09/1993,1:02,32,559,559,2.9,0.0513,Stations moved 2 miles SE to avoud rough ground,NA,-50.9094,75.12325,559,September,1993,Spring,1,0.009143,0.077829003,2.156222105,0.313533008,14,0.004618,3.438821077,34.53152084,0.045332123,2.290599709,0.895967842,0.216794728,0.013279541,1.060072434,0.483792678,6.326149473,-4.69476672,-2.553241128,-0.726098815
THIR02600,0,1,0,0,0,0,1,0,0,1,0,0,0,0,0,0,0,3,0,1,0,0,3,0,0,0,26,THIRST,11/09/1993,26,OTTER TRAWL,F1,11/09/1993,13:10,32,738,774,3,0.0368,,NA,-50.57785,74.6732,756,September,1993,Spring,13,0.010713,0.043669999,2.200153112,0.377564013,14,0.004024,3.608170986,34.65761948,0.032076206,2.361350905,0.933813628,0.215621705,0.012976875,1.159346449,0.316133021,6.628041376,-4.536297322,-3.131093934,-1.151592201
THIR02700,0,0,0,0,0,0,0,0,0,17,0,0,0,0,0,0,0,1,0,0,0,0,1,0,0,0,27,THIRST,11/09/1993,27,OTTER TRAWL,F8,11/09/1993,21:26,31,557,568,3.3,0.0486008,,NA,-50.48415,74.15665,562.5,September,1993,Spring,21,0.011665,0.041104,2.327613115,0.637601018,14,0.002622,3.579881907,34.53066635,0.051026199,2.404358262,0.920363831,0.204228684,0.013472383,1.270569317,0.39694063,6.332391134,-4.451162374,-3.191649839,-0.923968556
THIR02900,0,0,0,0,0,0,0,0,0,3,0,0,0,0,0,0,0,0,0,0,0,0,3,0,0,0,29,THIRST,12/09/1993,29,OTTER TRAWL,T11,12/09/1993,6:54,32,456,472,3,0.0385,,NA,-50.98845,73.23885,464,September,1993,Spring,6,0.007024,0.008732,2.833882093,0.653860986,14,0.00246,3.744512081,34.42744446,0.059664596,2.664174307,0.892690902,0.213697407,0.01335016,1.177642988,0.170487165,6.139884552,-4.958422423,-4.74076084,-1.769095264
THIR03100,0,0,1,0,0,0,0,0,0,8,0,0,0,0,0,0,0,0,0,0,0,0,1,0,0,0,31,THIRST,12/09/1993,31,OTTER TRAWL,T10,12/09/1993,23:40,31,451,459,3.3,0.0618,something wrong with sonar?,NA,-51.0086,73.8874,455,September,1993,Spring,23,0.003635,0.01501,2.631886005,0.754498005,14,0.004009,3.689718962,34.4524765,0.05489143,2.455041013,0.867233906,0.198791831,0.013608496,1.218420293,0.300248736,6.120297419,-5.617146168,-4.199038633,-1.203144028
THIR03200,0,0,0,0,1,0,0,0,2,2,0,0,0,0,0,0,1,0,0,0,0,0,25,0,0,0,32,THIRST,13/09/1993,32,OTTER TRAWL,T8,13/09/1993,4:58,31,436,444,3.5,0.0493,,NA,-51.14545,73.8513,440,September,1993,Spring,4,0.002967,0.010474,2.693466902,0.831049025,14,0.004026,3.655652046,34.4524765,0.05489143,2.455041013,0.867233906,0.198791831,0.013608496,1.218420293,0.300248736,6.086774727,-5.820203938,-4.558859283,-1.203144028
THIR03300,0,0,0,0,1,0,0,0,1,3,0,0,0,0,0,0,0,0,0,0,0,0,0,0,0,0,33,THIRST,14/09/1993,33,OTTER TRAWL,T14,14/09/1993,22:00,45,456,472,3.2,0.0528,,NA,-51.3072,73.70175,464,September,1993,Spring,22,0.000525,0.007739,2.872411966,0.719339013,14,0.003968,3.629595041,34.40552521,0.056837015,2.505257473,0.839595107,0.198294682,0.012686659,1.198573467,0.241684581,6.139884552,-7.552112295,-4.861482799,-1.420121787
THIR03400,0,0,0,0,0,0,0,0,2,20,0,0,0,0,0,0,0,0,0,0,0,0,4,0,0,0,34,THIRST,15/09/1993,34,OTTER TRAWL,F25,15/09/1993,4:07,36,440,459,3.3,0.0475,,NA,-51.1115,74.0614,449.5,September,1993,Spring,4,0.00156,0.018408,2.634527922,0.742518008,14,0.006053,3.574107885,34.4524765,0.05489143,2.372424656,0.859958688,0.19406542,0.013592014,1.344739688,0.390555087,6.108135854,-6.463069458,-3.994969926,-0.940186252
THIR03500,0,0,0,0,0,0,0,0,1,5,0,0,0,0,0,1,0,0,0,0,0,0,4,0,0,0,35,THIRST,15/09/1993,35,OTTER TRAWL,F2,15/09/1993,8:21,30,424,443,3,0.0419,,NA,-51.14465,74.3823,433.5,September,1993,Spring,8,0.004496,0.028751001,2.512615919,0.668783009,14,0.003902,3.469547987,34.46085739,0.052971784,2.307051625,0.864107205,0.19139507,0.013666324,1.39496276,0.621301853,6.071891796,-5.404567166,-3.549082695,-0.475938239
THIR03600,0,0,0,0,0,0,0,0,2,4,0,0,0,0,0,0,0,0,0,0,0,0,3,0,0,0,36,THIRST,15/09/1993,36,OTTER TRAWL,T12,15/09/1993,12:03,26,427,436,3,0.0408,Hauled a little early due to pinnacle approaching,NA,-51.2735,74.2791,431.5,September,1993,Spring,12,0.003814,0.013889,2.69994998,0.634034991,14,0.006078,3.443537951,34.43616104,0.050585203,2.277812235,0.828600137,0.186879055,0.013231603,1.361244729,0.524845606,6.067267511,-5.569076772,-4.276658119,-0.644651143
THIR03700,0,0,0,0,0,0,0,0,0,2,0,0,0,0,0,0,0,0,0,0,0,0,0,0,0,0,37,THIRST,15/09/1993,37,OTTER TRAWL,T7,15/09/1993,15:40,30,397,403,3.1,0.0406,,NA,-51.4333,74.36005,400,September,1993,Spring,15,0.006765,0.014273,2.707969904,0.660242021,14,0.004235,3.340358973,34.43616104,0.050585203,2.277812235,0.828600137,0.186879055,0.013231603,1.379204603,0.615529132,5.991464547,-4.995993017,-4.249385638,-0.485273004
THIR03800,0,0,0,1,1,0,0,0,0,5,0,0,0,0,0,0,0,0,0,0,0,0,1,0,0,0,38,THIRST,16/09/1993,38,OTTER TRAWL,F9,16/09/1993,2:14,31,457,3.1,3.1,0.0403,Port door briefly bogged after landing; bridle caught around front of port door,NA,-51.823,73.384,230.05,September,1993,Spring,2,0.003013,0.011765,2.924855947,0.652567983,14,0.005174,3.503660917,34.30471802,0.063633591,2.460025612,0.799748243,0.186336529,0.011936556,1.068055612,0.258317986,5.438296677,-5.804819019,-4.442626257,-1.353563949
THIR03900,0,0,0,0,0,0,0,0,0,5,0,0,0,0,0,0,0,0,0,0,0,0,10,0,1,0,39,THIRST,16/09/1993,39,OTTER TRAWL,F21,19/09/1993,6:50,30,433,438,3.2,0.0373,,NA,-51.8945,73.18475,435.5,September,1993,Spring,6,0.002209,0.013363,2.913243055,0.608123004,14,0.00539,3.510946035,34.38586044,0.057070483,2.509817706,0.812913642,0.188814519,0.01210633,0.980283561,0.122459619,6.076494796,-6.115215355,-4.315265585,-2.099973944
THIR04000,0,0,0,0,0,0,0,0,0,0,0,0,0,0,0,0,0,8,0,0,0,0,0,0,1,0,40,THIRST,16/09/1993,40,OTTER TRAWL,F11,19/09/1993,12:19,30,682,683,3.2,0.0463,,NA,-51.98945,72.69535,682.5,September,1993,Spring,12,0.006724,0.007952,2.855361938,0.567835987,14,0.007704,3.50605011,34.46952057,0.050299849,2.499570444,0.779784831,0.18021423,0.011891551,1.064795157,0.307163112,6.525762527,-5.002072063,-4.83433181,-1.180376363
THIR04100,0,0,0,3,0,2,0,8,14,1,0,0,0,0,0,0,0,0,0,0,0,0,0,0,0,0,41,THIRST,16/09/1993,41,OTTER TRAWL,T3,16/09/1993,19:30,32,274,275,3.1,0.0436,,NA,-52.5686,72.5924,274.5,September,1993,Spring,19,0.005987,0.017550001,2.954161882,0.434682995,14,0.007716,3.209191084,34.34674072,0.046875618,2.35911699,0.67961218,0.167274522,0.01323559,0.917414128,0.217342344,5.614951261,-5.118164827,-4.042701272,-1.526281546
THIR04200,0,0,0,2,0,0,0,4,23,1,0,0,0,0,0,0,0,0,0,0,0,0,0,0,0,0,42,THIRST,17/09/1993,42,OTTER TRAWL,F3,17/09/1993,0:30,24,245,252,3.5,0.0316,Net lifted a few min early to avoid pinnacle,NA,-52.6286,73.0535,248.5,September,1993,Spring,0,0.004809,0.008494,3.148550034,0.444734991,14,0.009256,3.111174107,34.18261337,0.055747487,2.341013808,0.649181031,0.168546164,0.013160194,0.869313001,0.120123938,5.515442846,-5.337266117,-4.768395247,-2.119231253
THIR04300,0,0,0,1,0,0,0,0,14,1,0,0,0,0,0,0,0,0,0,0,0,0,0,0,0,1,43,THIRST,17/09/1993,43,OTTER TRAWL,F5,17/09/1993,6:12,30,239,255,3.5,0.0496,,NA,-52.55765,73.2363,247,September,1993,Spring,6,0.002037,0.006464,3.159049034,0.47438699,14,0.00974,3.234337091,34.18261337,0.055747487,2.341013808,0.649181031,0.168546164,0.013160194,0.966028527,0.20072381,5.509388337,-6.196277142,-5.041506958,-1.605825395
THIR04400,0,0,0,1,0,0,0,3,29,4,0,1,0,0,0,2,0,0,0,0,0,0,0,0,0,3,44,THIRST,17/09/1993,44,OTTER TRAWL,T5,17/09/1993,11:44,30,252,252,3.5,0.0273,,NA,-52.3311,73.43305,252,September,1993,Spring,11,0.002828,0.007532,3.095624924,0.508065999,14,0.002344,3.441564083,34.10810852,0.060831949,2.368897962,0.709130327,0.174558778,0.012708026,1.217246413,0.570375915,5.529429088,-5.868185531,-4.888594668,-0.561459636
THIR04500,0,0,0,0,0,0,0,17,16,2,0,0,0,0,0,0,0,0,0,0,0,0,0,0,0,0,45,THIRST,17/09/1993,45,OTTER TRAWL,F10,17/09/1993,17:35,32,275,275,3,0.0481,,NA,-52.0472,74.1845,275,September,1993,Spring,17,0.002169,0.007228,3.036196947,0.514750004,2,0.004315,3.277810097,34.2678299,0.069989167,2.293360661,0.721651901,0.174886046,0.012753493,1.303587387,0.459725844,5.616771098,-6.133489047,-4.929792906,-0.777124958
THIR04600,0,0,0,0,0,0,0,3,14,5,0,0,0,0,0,0,0,0,0,0,0,0,0,0,0,0,46,THIRST,17/09/1993,46,OTTER TRAWL,T24,17/09/1993,21:33,33,284,284,3.1,0.0388,,NA,-51.94935,74.5121,284,September,1993,Spring,21,0.00634,0.013048,2.993072033,0.472766995,2,0.002729,3.23168993,34.32757187,0.067446932,2.202674489,0.761687016,0.175631799,0.012881341,1.338542631,0.750511179,5.648974238,-5.060876511,-4.339120414,-0.287000733
THIR04700,1,0,0,1,0,0,0,368,2,0,0,0,0,0,0,0,0,0,0,0,0,0,0,0,0,0,47,THIRST,18/09/1993,47,OTTER TRAWL,T4,18/09/1993,1:11,34,253,253,3,0.0422,,NA,-52.14705,74.5238,253,September,1993,Spring,1,0.006497,0.008581,3.071245909,0.429266989,2,0.001694,3.204037905,34.32757187,0.067446932,2.207519629,0.719659232,0.170242247,0.012931671,1.166292025,0.369331517,5.533389489,-5.036414747,-4.758204822,-0.996060618
THIR04800,1,0,0,0,0,0,0,4577,0,0,0,0,0,0,0,0,0,0,0,0,0,0,0,0,0,0,48,THIRST,18/09/1993,48,OTTER TRAWL,F12,18/09/1993,4:19,30,254,254,3.5,0.0475,Micro hookup 5min into trawl,NA,-52.24215,74.33565,254,September,1993,Spring,4,0.002933,0.00653,3.158479929,0.410163999,14,0.003917,3.208142042,34.32757187,0.067446932,2.250422605,0.711730775,0.171983192,0.012800969,1.10551543,0.449521955,5.537334267,-5.831729489,-5.031348336,-0.799570583
THIR04900,0,0,0,0,0,2,0,5,3,2,0,0,0,0,0,0,0,0,0,0,0,0,0,0,0,0,49,THIRST,18/09/1993,49,OTTER TRAWL,T1,18/09/1993,10:16,30,209,209,3,0.0377,,NA,-52.60215,74.29245,209,September,1993,Spring,10,0.001866,0.007759,3.339488983,0.468827993,2,0.005683,3.154448032,34.04494476,0.05720019,2.238087732,0.694681907,0.167505631,0.011962012,1.051370366,0.323683046,5.342334252,-6.283958177,-4.858901819,-1.127990495
THIR05000,0,0,0,0,0,0,0,48,14,4,0,0,1,0,0,1,0,0,0,0,0,0,0,0,0,2,50,THIRST,18/09/1993,50,OTTER TRAWL,F72,18/09/1993,13:27,32,189,189,3.2,0.0367,,NA,-52.74585,74.1428,189,September,1993,Spring,13,0.000968,0.00519,3.343727112,0.456725001,2,0.006613,3.209310055,34.01951981,0.049936675,2.285106896,0.696393404,0.171747279,0.012175853,1.025382892,0.306048394,5.241747015,-6.940278471,-5.261021582,-1.184012039
THIR05100,0,0,0,0,0,0,0,3,11,1,0,0,3,0,1,0,0,0,0,0,0,0,0,0,0,0,51,THIRST,18/09/1993,51,OTTER TRAWL,F32,18/09/1993,16:06,30,173,173,3,0.0348,,NA,-52.8518,74.13395,173,September,1993,Spring,16,0.003576,0.012546,3.27727294,0.397973001,2,0.003853,3.012507915,33.94396591,0.042802863,2.231779553,0.708434238,0.166241908,0.011274199,0.952559914,0.193680224,5.153291594,-5.633510422,-4.378353389,-1.64154681
THIR05200,0,0,0,0,0,0,0,1,13,0,0,0,0,0,0,0,0,0,0,0,0,0,0,0,0,0,52,THIRST,18/09/1993,52,OTTER TRAWL,F39,18/09/1993,21:31,34,195,195,3.5,0.0484,,NA,-52.68695,74.4368,195,September,1993,Spring,21,0.001562,0.010912,3.267149925,0.387084007,2,0.003719,3.034598112,34.04494476,0.05720019,2.238087732,0.694681907,0.167505631,0.011962012,0.97097275,0.275733319,5.272999559,-6.461788228,-4.517892178,-1.288321116
THIR05300,0,0,0,0,0,0,0,18,23,0,0,0,0,0,0,0,0,0,0,0,0,0,0,0,0,0,53,THIRST,19/09/1993,53,OTTER TRAWL,T38,19/09/1993,1:37,33,226,226,3,0.034,,NA,-52.44395,74.6886,226,September,1993,Spring,1,0.004211,0.012485,3.133697987,0.386004001,14,0.003476,3.101610899,34.04494476,0.05720019,2.208451354,0.699312557,0.166876428,0.01252906,0.871911613,0.257837907,5.420534999,-5.47005513,-4.383227355,-1.355424159
THIR05400,1,0,0,0,0,0,0,266,77,0,0,0,0,0,0,0,0,0,0,0,0,0,0,0,0,0,54,THIRST,19/09/1993,54,OTTER TRAWL,T36,19/09/1993,4:30,31,244,248,3.1,0.0577,,NA,-52.4871,74.8499,246,September,1993,Spring,4,0.00669,0.014057,3.117527962,0.381514996,14,0.001927,3.057410955,34.39501953,0.066798404,2.126528015,0.72887346,0.165420426,0.012148597,0.803386957,0.290838952,5.505331536,-5.007141405,-4.264634787,-1.234985595
THIR05500,1,0,0,0,0,0,0,1174,10,0,0,0,0,0,0,0,0,0,0,0,0,0,0,0,0,0,55,THIRST,19/09/1993,55,OTTER TRAWL,T40,19/09/1993,8:06,30,238,253,3,0.0329,,NA,-52.4161,75.0974,245.5,September,1993,Spring,8,0.003901,0.0106,2.960128069,0.415587991,14,0.001529,3.102246046,34.39501953,0.066798404,2.112369049,0.758699313,0.170831016,0.012792158,0.930684377,0.621907802,5.503296947,-5.546522348,-4.546901278,-0.474963426
THIR05600,0,0,0,0,0,0,0,37,158,0,0,0,0,0,0,2,0,0,0,0,0,0,0,0,0,0,56,THIRST,19/09/1993,56,OTTER TRAWL,T41,19/09/1993,11:37,30,277,279,3,0.036649929,,NA,-52.51608333,74.88111667,278,September,1993,Spring,11,0.00971,0.01056,3.003509045,0.387694001,14,0.001311,3.070852995,34.39501953,0.066798404,2.072681336,0.763620992,0.168562604,0.012432699,0.930684377,0.621907802,5.627621114,-4.634598997,-4.550682001,-0.474963426
THIR05800,1,0,0,0,0,1,0,6835,398,3,0,0,0,0,0,0,0,0,0,0,0,0,0,0,0,0,58,THIRST,20/09/1993,58,OTTER TRAWL,S12,20/09/1993,7:47,30,302,313,3.1,0.0432,,NA,-52.6718,75.1745,307.5,September,1993,Spring,7,0.010691,0.028542999,2.650562048,0.342680007,14,0.001978,3.098633051,34.39501953,0.066798404,2.072681336,0.763620992,0.168562604,0.012432699,0.791169215,0.283133392,5.728475087,-4.538353013,-3.556343592,-1.261837143
THIR05900,0,0,0,0,0,0,0,26,8,0,0,0,0,0,0,0,0,0,0,0,0,0,0,0,0,0,59,THIRST,20/09/1993,59,OTTER TRAWL,S18,20/09/1993,11:43,30,216,218,3,0.0315,,NA,-52.47925,75.0802,217,September,1993,Spring,11,0.002669,0.012903,2.953105927,0.395363003,14,0.000995,3.087387085,34.39501953,0.066798404,2.072681336,0.763620992,0.168562604,0.012432699,0.930684377,0.621907802,5.379897354,-5.926051409,-4.350295437,-0.474963426
THIR06000,0,0,0,0,0,0,0,0,1,6,0,0,0,0,0,0,0,0,0,0,0,0,0,0,0,0,60,THIRST,21/09/1993,60,OTTER TRAWL,F19,21/09/1993,14:34,31,510,510,3,0.0378,Net sonde not looking square,NA,-52.80595,75.2013,510,September,1993,Spring,14,0.011609,0.033162002,2.491308928,0.308544993,14,0.002442,3.034954071,34.62599945,0.032815527,2.00371231,0.797673655,0.166442503,0.011659117,0.746743799,0.452553277,6.234410726,-4.45597462,-3.406350577,-0.792849784
THIR06100,0,0,0,0,0,0,0,0,0,1,0,0,0,0,0,0,0,0,0,0,0,0,0,0,0,0,61,THIRST,21/09/1993,61,OTTER TRAWL,F15,21/09/1993,23:46,34,782,782,3.3,0.0241,Net became bogged just as about to lift it,NA,-52.5662,76.64785,782,September,1993,Spring,23,0.005843,0.032786999,2.087568998,0.222977996,14,0.002734,2.912628889,34.60419464,0.043166038,1.806658071,0.947131439,0.173892065,0.012519336,0.535543495,0.288165999,6.661854741,-5.142510915,-3.417723214,-1.244218579
THIR06200,0,0,0,0,0,0,0,0,0,4,0,0,0,0,0,0,0,0,0,0,0,0,15,0,0,0,62,THIRST,23/09/1993,62,OTTER TRAWL,T24,23/09/1993,2:48,34,617,617,3,0.0542,Second attempt at site,NA,-51.80095,75.39595,617,September,1993,Spring,2,0.00989,0.015158,2.644869089,0.437965006,14,0.00336,3.242892027,34.48319244,0.06109136,2.119845949,0.841992344,0.178507311,0.013015879,1.07711192,0.497133891,6.424869024,-4.616231133,-4.189226834,-0.698895891
THIR06300,1,0,0,0,0,0,0,2529,1,1,0,0,0,0,0,2,0,0,0,0,0,0,0,0,0,0,63,THIRST,23/09/1993,63,OTTER TRAWL,T49,23/09/1993,10:02,35,293,317,3,0.0482,,NA,-51.53845,75.81355,305,September,1993,Spring,10,0.012278,0.148172006,2.33522296,0.339729011,14,0.003403,3.304303885,34.38331985,0.073102102,2.094620076,0.851689055,0.191202568,0.013291763,0.873560031,0.327663954,5.720311777,-4.399946236,-1.909381477,-1.115766726
THIR06400,0,0,0,0,0,0,0,24,7,4,0,0,0,0,0,0,0,0,0,0,0,0,0,0,0,1,64,THIRST,23/09/1993,64,OTTER TRAWL,F140,23/09/1993,13:49,30,250,260,3,0.0424,,NA,-51.3782,75.82125,255,September,1993,Spring,13,0.009572,0.172142997,2.153996944,0.327333987,14,0.004327,3.294445992,34.38331985,0.073102102,2.142121786,0.864266819,0.221981239,0.013226731,0.873560031,0.327663954,5.541263545,-4.648913109,-1.75942977,-1.115766726
THIR06500,0,0,0,0,0,0,0,137,10,1,0,0,0,0,0,0,0,0,0,0,0,0,0,0,0,0,65,THIRST,23/09/1993,65,OTTER TRAWL,T42,23/09/1993,19:31,31,707,707,3.1,0.0456,,NA,-51.58675,76.02305,707,September,1993,Spring,19,0.001382,0.177403003,2.391196012,0.307078004,15,0.002216,3.29379797,34.38331985,0.073102102,2.064522541,0.856720776,0.200044064,0.013353717,0.836302791,0.327574781,6.561030666,-6.584223554,-1.729331281,-1.116038911
THIR06600,0,0,0,0,0,0,0,9,1,0,0,0,0,0,0,1,0,0,0,0,0,0,0,0,0,0,66,THIRST,23/09/1993,66,OTTER TRAWL,T43,23/09/1993,23:18,31,289,289,3.5,0.0487,,NA,-51.691,75.9701,289,September,1993,Spring,23,0.020165,0.145936996,2.430624962,0.300835013,15,0.001189,3.31950593,34.38331985,0.073102102,2.064522541,0.856720776,0.200044064,0.013353717,0.836302791,0.327574781,5.666426688,-3.903806851,-1.924580285,-1.116038911
THIR06700,0,0,0,0,0,0,0,2,1,2,0,0,0,0,0,0,0,0,0,0,0,0,0,0,0,0,67,THIRST,24/09/1993,67,OTTER TRAWL,F147,24/09/1993,3:34,31,269,269,3.5,0.0392,,NA,-51.8173,76.2241,269,September,1993,Spring,3,0.018694,0.164306,2.334691048,0.296288997,15,0.003098,3.256736994,34.52332306,0.058977157,2.020219838,0.866203042,0.176858445,0.01324731,0.71470229,0.302221098,5.59471138,-3.979552662,-1.806024736,-1.196596417
THIR06820,0,0,0,0,0,0,0,0,6,1,0,0,0,0,0,0,0,0,0,0,0,0,0,0,0,1,68.19999695,THIRST,24/09/1993,68,OTTER TRAWL,F23/2,24/09/1997,11:48,31,214,220,3.5,0.0379,,NA,-51.6815,76.49855,217,September,1993,Spring,11,0.031037999,0.25761801,1.669402957,0.273613989,15,0.002503,3.167459011,34.69469452,0.005821189,2.005272029,0.899467602,0.234969849,0.013977545,0.619452431,0.22919566,5.379897354,-3.472543051,-1.356277373,-1.47317923
THIR06900,0,0,0,0,0,0,0,22,24,1,0,0,0,0,0,0,0,0,0,0,0,0,0,0,0,0,69,THIRST,24/09/1993,69,OTTER TRAWL,T51,24/09/1993,17:06,32,218,218,3.1,0.0479,,NA,-51.6662,76.35755,218,September,1993,Spring,17,0.019452,0.277608007,1.905634046,0.280571014,15,0.00326,3.179512978,34.69469452,0.005821189,2.036038627,0.87501067,0.214306143,0.013694851,0.619452431,0.22919566,5.384495063,-3.939805386,-1.281545207,-1.47317923
THIR07000,0,0,0,0,0,0,0,2,16,6,0,0,0,0,0,2,0,0,0,0,0,0,0,0,0,0,70,THIRST,24/09/1993,70,OTTER TRAWL,T52,24/09/1993,21:08,30,241,241,3.5,0.0416,,NA,-51.73535,76.39495,241,September,1993,Spring,21,0.019452,0.277608007,1.905634046,0.280571014,15,0.00326,3.179512978,34.69469452,0.005821189,2.036038627,0.87501067,0.214306143,0.013694851,0.619452431,0.22919566,5.484796933,-3.939805386,-1.281545207,-1.47317923
