Temp1,Temp2,Temp3
0.868590924,0.037114368,-0.178808356
0.849788472,0.92470119,1.302385247
0.855682849,0.920443319,0.192705923
0.855555621,0.92032423,0.197501652
0.855492104,0.920258691,0.197476193
-0.267479159,0.383002695,0.100352148
-0.267561435,0.382973906,0.10027143
-0.26766277,0.382920972,0.100155399
-1.442487943,-0.931537337,-1.768801687
-1.442466906,-0.931502237,-1.768761378
-1.580673684,-0.929413676,-1.179287719
0.835939636,0.890594134,0.129037108
-0.3466703,0.592129059,-0.058658854
-0.345154835,0.600856457,-0.072211933
-1.465388585,-0.75628216,-1.420551142
-0.266429038,0.384253599,0.102223973
-0.268604948,0.394709655,0.090435946
-0.139203948,0.10898322,0.389788829
-0.139240355,0.109046125,0.389822698
0.850149656,0.925397675,1.302637681
0.868157848,1.192617586,1.048329888
0.996026183,-0.053737447,-0.11280964
1.431343667,0.609744795,1.09737293
1.431350584,0.609833342,1.09743755
-1.38797067,-0.805152234,-1.331131606
0.866718244,1.059033126,1.231899473
0.867286786,1.192450224,1.047521256
0.863839825,1.062690499,1.225661698
0.794474927,0.045781405,-0.208458133
0.982311027,-0.043903618,-0.128927146
0.291177449,0.044266568,-0.161037866
0.495991253,-0.123724539,-0.252543145
-1.348035543,-0.841724609,-1.303588616
-1.450424443,-0.760074558,-1.399365529
-1.35921276,-0.831430955,-1.311628236
-0.926086647,-1.803959566,-1.856561594
-0.926037556,-1.801128706,-1.854627766
-1.140459687,-1.850161318,-1.605387851
-0.165795203,-0.449856419,0.37618698
-0.165960942,-0.450075815,0.37601439
1.035424956,0.700292417,0.684325419
1.028033505,0.701635479,0.670606959
1.034309625,0.698908486,0.65546145
1.013435242,0.589636812,0.729246588
1.013669306,0.589903537,0.729443648
0.308623791,0.821637089,1.185762578
0.313379076,0.821164268,1.182404013
0.313856539,0.82167704,1.182850265
0.794625345,-0.301006236,-0.166175228
0.794932191,-0.300686094,-0.165860812
-1.822835319,-1.12503665,-1.678974843
-1.823053603,-1.125195786,-1.678959428
0.051788062,-0.253183271,-0.347410589
0.064292466,-0.26625333,-0.348853371
0.064060871,-0.266513976,-0.349073298
1.00562267,0.639282929,0.709929016
1.007544341,0.628900871,0.715503942
1.006831328,0.628083132,0.714917487
0.507178384,0.394765963,-0.171711689
0.507530658,0.37039604,-0.170080975
-0.090137229,-0.072416062,-0.233373837
-0.074608069,-0.100505053,-0.228437429
0.697450909,0.660991276,0.972203297
0.697582519,0.661060904,0.972242963
0.698459817,0.661736611,0.972727527
-1.849126407,-1.072825138,-1.430097581
-1.853570605,-1.08050732,-1.44566573
-1.753031271,-0.8974214,-1.608185029
-1.752989149,-0.897460009,-1.608143689
-0.49270435,0.292881234,-0.279181111
0.227413317,-0.384128142,-0.439285101
0.758828814,0.854802817,-0.1179625
0.759373496,0.855272615,-0.117644101
0.268008155,0.78751519,1.267976001
0.268272654,0.787910946,1.268185689
0.268272654,0.787910946,1.268185689
-0.328588143,-0.313156488,0.452799552
-0.324542832,-0.308512206,0.445585505
-0.320403009,-0.303924654,0.438690716
-0.984339359,-1.743681603,-1.659144714
-0.991027407,-1.737407235,-1.657184079
-1.169566795,-0.095737217,-0.702795401
-1.169358774,-0.09552791,-0.702627363
-1.154058382,-0.097891395,-0.703971858
-0.014942653,-0.068207934,0.878208985
-0.005823056,-0.07388175,0.885007718
-0.006095831,-0.074161921,0.884834558
0.461079281,0.832258529,0.794537488
0.461243075,0.832620584,0.794723768
-1.970072655,-0.071982306,-0.163043866
-1.969772814,-0.07170815,-0.162818497
-1.202386466,-0.596126947,-0.463815261
-1.198918864,-0.59997336,-0.456181581
-1.199281949,-0.600109691,-0.456336518
0.486334009,0.789308527,0.658874746
0.486467314,0.789481844,0.659008503
0.48707373,0.790246708,0.659625927
0.006008663,-0.076761841,0.890294474
-1.861976607,0.033152497,-0.510735576
-1.8607731,0.034506846,-0.509694044
-0.913298204,-0.687603611,-0.438840132
-0.913023831,-0.687475677,-0.438566333
-0.909054646,-0.690047886,-0.44030276
-0.111578101,-0.244929638,-0.980405383
-0.109529275,-0.249691489,-0.966803859
-0.109637043,-0.249698467,-0.966856552
-0.590064468,-0.685016705,-0.163614534
-0.60139374,-0.727138679,-0.153233932
0.325548173,0.110211169,0.705123776
0.325651732,0.110339005,0.705217826
0.326145281,0.110969667,0.705667543
0.725018821,0.633274002,1.137447605
0.724384832,0.635222889,1.137777222
0.724515169,0.635276328,1.137939104
0.130473849,0.422326768,0.600057403
0.138106937,0.409220374,0.604148275
0.138255882,0.409417279,0.60427579
-0.629585764,-0.570226285,-0.148295999
-0.637188556,-0.562283552,-0.149449505
0.729890432,0.630711567,1.141363453
0.730026525,0.630807172,1.141497231
0.73299016,0.629294487,1.141173602
0.120266897,0.431280531,0.589011328
0.120216825,0.43123267,0.588963955
0.115877147,0.443900891,0.580061939
-1.006147413,-0.676185355,-0.364673643
-1.00626672,-0.676239073,-0.364767818
-1.966618717,-0.067372069,-0.157975502
-1.971373268,-0.063042442,-0.163536693
-1.974213042,-0.059497832,-0.169474306
0.162357585,0.102787464,-0.024460131
0.168858638,0.110776385,-0.024576282
0.169164333,0.111095803,-0.024242892
1.024071374,0.858532014,1.296286022
1.028454509,0.851523754,1.272597271
1.231301671,0.83874269,1.161952375
1.135384137,0.804349158,1.130267022
1.324376147,0.406414044,0.184679225
1.318040147,0.402423981,0.182895662
-0.064321368,-0.321058453,-0.765368636
-0.065394315,-0.31420949,-0.767341966
-0.788871769,-0.437758908,-1.86743981
-0.798352754,-0.41985152,-1.866705399
-0.788069174,-0.4372367,-1.86671269
1.268391627,1.077028753,0.937019185
1.26729111,1.07003067,0.945204689
1.265767184,1.062201995,0.953134511
-0.61317913,-0.38589397,-1.294977249
-0.613250785,-0.385967871,-1.294981765
-0.609484722,-0.379821727,-1.313804112
1.187624032,0.859716334,0.390385116
1.184358919,0.851050428,0.394681451
1.180843206,0.843558644,0.397400091
-0.02269428,0.033893055,-0.663848424
-0.022599258,0.034025927,-0.663768883
-0.025341479,0.034191322,-0.65481339
0.783449862,1.162083805,1.322272993
0.779543422,1.163686654,1.325780319
0.77996429,1.164075378,1.326001785
0.422498355,1.059628018,1.355658995
0.422498451,1.059567819,1.355663398
0.463525117,0.401093148,-0.198720701
0.463417636,0.400948055,-0.19879963
0.46957124,0.385939166,-0.206441775
-0.367408585,0.557861166,-0.427824043
-0.367059603,0.55836867,-0.42746661
-0.902038453,-1.827594907,-1.024360419
-0.902243764,-1.82782091,-1.02450683
-0.902788288,-1.828413825,-1.024925405
0.693714111,0.828709112,1.154943516
0.685449636,0.829378452,1.1598151
0.762175255,0.885669325,-0.127372822
0.75086498,0.881472031,-0.122269663
-0.508585083,0.447387675,-0.239514865
-0.508605761,0.447355334,-0.239555113
0.668897262,0.83883081,1.19030403
0.666488474,0.839500106,1.194951024
0.66671465,0.839796511,1.195208533
-1.672252336,-1.003818464,-1.573020232
0.764493668,0.887906608,-0.125892442
-1.677194843,-1.002584617,-1.571719709
0.628523291,0.665612206,-0.027161037
0.626767463,0.654658979,-0.032689475
0.627355446,0.659779914,-0.030044594
0.746000563,1.150009294,1.342825374
-0.500183262,0.461107215,-0.246653921
-0.497748703,0.46969455,-0.258893887
-0.585902344,-1.668411255,-0.847750209
-0.586881172,-1.671013177,-0.850073539
-0.587142702,-1.671334615,-0.850271321
0.16483402,0.107001498,-0.024621915
0.164962656,0.107176712,-0.024418274
0.165131615,0.10733852,-0.024257548
0.694326605,1.108341085,1.201892509
0.694335653,1.108330109,1.201916953
0.318763295,-0.415584021,0.026041539
0.318749162,-0.415620758,0.025975456
0.327578252,-0.420386256,0.029298924
0.390890128,0.23914538,-0.18370617
0.391021188,0.239078828,-0.183837653
0.350395318,-0.433995808,0.038950898
0.343416294,-0.429958592,0.036109499
0.34341925,-0.430112354,0.036232419
0.372281146,0.698077141,0.784847703
0.371807482,0.697889348,0.786474113
0.378952505,0.698357637,0.780686281
0.37899359,0.698399675,0.780712877
0.895145678,1.194138826,1.5266009
0.903182009,1.193382093,1.525839327
0.903213077,1.193409412,1.525919494
1.419397087,1.525436477,1.535689387
0.392747552,0.238626375,-0.187509468
0.392738024,0.238630133,-0.187505797
0.396233857,0.232297264,-0.189464815
-0.144482346,0.422404029,0.73262181
-0.144626262,0.422267688,0.732567137
-0.145876425,0.429740374,0.733240168
0.672290221,1.143009623,1.202054974
0.673358836,1.136591691,1.201431785
1.279856222,1.6407397,1.447567571
1.275202896,1.640278749,1.451374109
1.275112376,1.593499784,1.459462611
1.275106546,1.593475714,1.459411146
1.278294852,1.590048358,1.459634494
1.278280377,1.590040738,1.459668085
1.274986805,1.593423859,1.459727482
0.34298843,-0.43024193,0.03359199
0.335388128,-0.425944964,0.030589865
0.335389902,-0.426044301,0.030651728
0.871535947,1.196200891,1.528475152
0.8784884,1.195208458,1.527602916
0.385977186,0.268361756,-0.187588434
0.388090388,0.245184685,-0.161085075
0.388272132,0.245128624,-0.161098274
-0.138448512,0.410181769,0.730861351
-0.140650429,0.41748461,0.757681024
1.288708515,1.03817926,0.687146453
1.280444218,0.770985503,1.146895822
0.21355015,0.547874207,0.003362284
0.213584768,0.54791602,0.003423291
-0.80822143,-1.538738272,-0.544120617
-0.81533328,-1.534434684,-0.545671606
1.209396104,1.00374724,0.870584287
1.209363807,1.003740987,0.870583653
1.206053559,1.004765337,0.962006309
0.540236531,0.259504705,0.633202594
0.540274667,0.259576633,0.630786303
0.535141805,0.259767937,0.632650855
-0.213249806,-0.306715485,-1.530283426
-0.221724291,-0.317320757,-1.489260409
1.220911539,0.856233008,1.151526693
1.220887805,0.856223098,1.151448801
1.220835542,0.856197709,1.151296984
0.569544176,0.205918922,0.499278917
0.56841202,0.205743345,0.503756172
0.567968904,0.253125561,0.610965998
0.027963538,-0.984612402,-1.179808893
0.028030222,-0.984663466,-1.179750073
1.205161579,0.984934085,1.073442946
1.205875983,1.010414647,0.860633304
1.205872444,1.010368228,0.860598379
1.205613009,1.012935422,0.857630554
0.406656467,0.266299321,0.478550695
0.405097952,0.268489403,0.474173484
-0.201123884,-1.719264883,-0.302727306
-0.209099966,-1.721274564,-0.300041018
-0.20906299,-1.72117802,-0.299985596
1.127209857,1.133381983,1.156509076
0.407435947,0.315468421,0.442122932
0.412842253,0.312236339,0.443136778
-0.05989415,-1.462420083,-0.549826559
-0.0599082,-1.462527414,-0.549818995
-0.059919046,-1.462631661,-0.549792476
-1.691953779,-0.45424804,-1.203249894
-1.691998426,-0.454274341,-1.203247093
-1.69188006,-0.454204219,-1.203308683
0.513429306,-0.17812095,-0.234952123
0.513401908,-0.178091954,-0.234908857
0.513348278,-0.178014697,-0.234798129
1.210973784,1.004696122,0.865791871
1.210944289,1.004679102,0.865782319
1.21087502,1.004649797,0.865768153
1.280399309,0.77076439,1.147101038
1.280369225,0.77076468,1.197005817
0.835248528,0.653473331,0.463020947
0.836805705,0.649629672,0.461229398
1.153846704,0.823049157,1.012285253
1.151827447,0.819272309,1.010614409
1.151611224,0.819025873,1.010249849
1.149781889,0.815038,1.009635436
1.149734424,0.814924633,1.00954165
1.149709679,0.814897892,1.009500003
0.788843799,0.979201607,1.194249302
0.687853963,1.018702453,1.229452371
0.702871519,1.005543569,1.231278663
0.834675046,0.734146532,0.528549248
0.832680741,0.737530696,0.532490344
0.825658256,0.746808248,0.544421591
0.334261132,-0.126785582,-0.114857951
0.320730155,-0.116693365,-0.095897703
0.179725024,0.124876421,0.143089915
1.147703852,0.879524109,0.9898342
1.14764928,0.879437741,0.989742293
1.148200654,0.876889184,0.994361612
-1.775372104,-0.495821177,-1.299375568
-1.765508579,-0.519865214,-1.27305987
1.142042374,0.872584811,0.975824083
1.141952607,0.872177838,0.975631002
1.135961887,0.90015681,0.796912654
1.135892873,0.900018309,0.78827233
-0.14297115,-0.14829882,-1.578424473
-0.152312423,-0.154894847,-1.586289248
1.143275536,0.9121456,0.787415658
1.143274711,0.914067593,0.78482699
0.429072134,0.181057426,0.555726046
0.429076164,0.181112897,0.555816999
-0.441411817,-1.763698103,-0.378815849
-0.43552947,-1.764722504,-0.376863909
0.693904757,1.026072798,1.234674197
0.693720873,1.025834867,1.234489793
0.28952864,0.188718125,0.418694672
0.29395576,0.188051637,0.423767953
0.294006578,0.188248919,0.423774934
-0.220865661,-1.797991563,-0.35181716
-0.220848959,-1.798005496,-0.351799929
-0.208293402,-1.791600331,-0.356233106
-0.026271181,-1.00241268,-1.273197842
0.299059236,0.186429084,0.429447206
0.294800106,0.187466999,0.424270661
1.214147847,0.911393866,0.604178025
1.211106435,0.913513148,0.597053693
1.210935756,0.913325873,0.596912152
1.199629361,0.673590964,1.019745003
1.199589811,0.673556664,1.019679852
1.199431193,0.673383145,1.019419049
1.212281923,0.713758953,1.023000195
1.212267675,0.713822683,1.022986028
1.208363793,0.711557844,1.023383131
0.106138004,0.493013777,-0.138142149
0.107562133,0.497077884,-0.139080136
0.890458428,0.917782945,1.134321367
-0.473496484,-1.763215958,-0.393777742
-0.473482992,-1.763223684,-0.393786707
-0.464831284,-1.764741853,-0.389019963
0.808197475,0.941568413,1.180292753
0.80446387,0.944832932,1.179733884
0.863914127,0.938530145,0.560299908
0.863866566,0.938487671,0.560250955
0.856470488,0.931291332,0.563886026
-0.072094247,-1.523277572,-0.62709739
-0.082007421,-1.533239921,-0.613037184
-0.081987906,-1.533228955,-0.61301561
0.934315819,1.052337521,0.420345589
-0.017502117,-1.345492057,-0.919116988
-0.022368213,-1.351690138,-0.909298237
1.197703523,0.671722239,1.021136573
1.19653714,0.670784501,1.090840937
1.196713304,0.670934916,1.023287063
1.210849844,0.919851021,0.581289096
1.210916159,0.919939982,0.581364745
1.211162468,0.920116512,0.586016489
0.287787153,0.189254457,0.414076202
0.289997677,0.188543768,0.418970378
0.29022575,0.188810805,0.419063092
1.195910147,0.669068102,1.022114288
1.195640454,0.668265512,1.024776407
1.195780662,0.66825268,1.025006024
0.76953371,1.30788432,0.721580216
0.769426725,1.307821355,0.721438212
0.769242043,1.307723033,0.72117811
-0.472724481,0.558643979,-0.335296346
0.620355527,0.829244344,1.293538643
0.61377984,0.83509951,1.296962272
0.614092605,0.835398704,1.297210527
-0.488380359,0.425386105,-0.183357519
-0.492085134,0.434023487,-0.191522295
-0.487902748,0.425880797,-0.182808255
-0.567619295,-1.648634631,-0.821336392
-0.567502814,-1.64848911,-0.821170684
-0.567060728,-1.647897127,-0.820645898
0.36958054,-0.473394031,-0.703073612
0.357369553,-0.469397693,-0.711073061
0.344459867,-0.465538929,-0.718777681
0.663847336,-0.101804051,-0.29428481
0.651259029,-0.098530642,-0.329153698
0.651088213,-0.098631561,-0.329312166
0.529589936,0.556019819,0.912817735
0.606316157,0.712044217,-0.166812789
0.606325848,0.712080203,-0.166804741
-0.334091958,-0.332940409,0.227424841
-0.496592743,-0.007147576,-0.256896764
-0.496661977,0.00452072,-0.268841343
0.389393657,-0.284860304,-0.408623368
0.385620849,-0.287124076,-0.40433763
-1.909817488,-0.981652671,-1.70396586
-1.909557322,-0.981417208,-1.703791618
-1.906956442,-0.983345132,-1.703721357
0.13631039,-0.527141003,-0.555481403
0.147429199,-0.539952397,-0.555855197
-1.911849253,-0.979928325,-1.705870779
-1.911492835,-0.979621635,-1.705628124
-0.58165178,0.203631608,-0.407881851
-0.581404534,0.203904266,-0.407622997
-0.579336538,0.2127692,-0.420103927
0.204554055,0.690896337,1.094428769
0.201502148,0.691021935,1.094491377
0.197438533,0.690641924,1.099244953
0.594232758,0.694198772,-0.166278164
0.600317868,0.709330225,-0.170032573
0.598144435,0.702645611,-0.167754086
0.525122568,0.553004403,0.914919566
0.523482609,0.555643712,0.919901901
-1.957235463,-1.038481609,-1.667309642
-1.955757868,-1.028831711,-1.666063875
-1.95507079,-1.028229688,-1.665637062
0.31357528,-0.71594258,-0.726580576
0.685783374,-0.304625402,-0.325954824
0.679830733,-0.296699961,-0.331430845
0.68048541,-0.296240107,-0.330891606
-0.003496261,-0.4157134,-0.442232522
-0.003618732,-0.415861221,-0.442359646
-0.036864884,-0.385369612,-0.436753597
-1.996090688,-1.194481371,-1.591325431
-1.371311819,-1.542150159,-2.213883099
-1.003004736,-1.929652368,-1.956075811
-1.003446495,-1.926762669,-1.958632123
-0.561756211,-0.683922152,-1.693091379
-0.561939416,-0.684117252,-1.693342539
-0.130950119,-0.291890269,-0.212466465
0.351104078,0.718560382,0.979453435
0.351095308,0.71855359,0.979460234
0.358320764,0.718000408,0.978910419
-0.889173667,-2.003469253,-1.378858978
-0.889203008,-2.003553663,-1.378950308
-0.900335573,-2.004009931,-1.38077252
0.420332334,0.110498834,0.385119618
0.423343906,0.107431694,0.385564841
1.093470651,1.290906977,1.52475679
1.090144159,1.290841385,1.524681522
-0.217870682,-0.712786797,-0.210774418
-0.228062741,-0.716137918,-0.223832582
-0.878181671,-2.001919954,-1.376653425
-0.878204225,-2.001925787,-1.376652273
1.086993662,1.290625955,1.52718814
1.087092916,1.290675488,1.527252374
1.087250048,1.290766357,1.527348528
1.671631494,1.496793431,1.107663964
1.018716061,1.322353067,1.521945803
0.352262065,0.378989882,0.347375611
0.352346305,0.379102726,0.286590525
0.352430546,0.379215571,0.286687872
0.313348355,-1.015446426,-0.148909324
0.313427325,-1.015366521,-0.148855196
0.313521311,-1.015277242,-0.148791753
-1.594153371,-1.989144738,-1.522218996
-1.594109192,-1.989103535,-1.522152959
1.014973011,1.370156221,1.49251941
1.012776727,1.375323801,1.489589699
1.010257644,1.381091654,1.487130797
0.423732787,0.337656698,0.388770719
0.424090518,0.338123909,0.389247937
1.484722706,1.239321782,0.82415623
1.483568949,1.241253731,0.824142266
1.187380636,0.822018878,0.378645202
1.186967979,0.816075408,0.378162212
-1.292037554,-2.2567731,-1.581383748
-1.292285076,-2.257117767,-1.581613201
1.490838383,1.221300107,0.813289546
1.490635816,1.22092572,0.813079961
1.079641658,1.356500522,0.351858642
0.073134013,-0.032339813,0.17329331
0.042111724,-0.075379349,0.071474215
1.088154134,0.788102882,1.253418075
1.084823767,0.790379079,1.256265715
1.101857681,0.220254541,0.207210794
1.101962424,0.220381363,0.207386064
-0.129807545,0.037866467,-1.117362683
-0.129445891,0.032002046,-1.108008156
-0.594368869,-0.366868661,-1.350770822
-0.621972433,-0.266367135,-1.589819891
-0.626630699,-0.267835466,-1.598336909
-2.144131327,-1.962711821,-1.960971904
-2.133795977,-1.972041805,-1.967515973
-0.595948605,-0.087825594,-0.757284446
-0.596073189,-0.087974721,-0.757411681
-0.572853135,-0.092446191,-0.767720098
-0.612664404,-0.784431468,-0.11279533
-0.612081002,-0.784006667,-0.110744129
-0.576808233,-0.096764262,-0.770009383
0.491273994,0.885778464,0.817823763
0.488438547,0.886910243,0.81938956
-0.740208421,-0.162595954,0.527361464
-0.740233676,-0.162653895,0.527330307
0.410019624,0.605055017,0.904541372
0.409997174,0.605011706,0.904528859
0.410022315,0.604980706,0.904580006
0.6048258,1.217558847,1.113917792
0.604595795,1.217408953,1.11379683
-0.048143321,-0.176604227,-0.943808866
-0.046428862,-0.181853749,-0.938273304
-0.666353632,-0.080643113,-0.724138758
-0.666495115,-0.080793583,-0.724288934
-0.666943808,-0.081281821,-0.724775246
-0.576526688,-0.523282102,-0.066794011
-0.590875082,-0.504212993,-0.066537716
0.188678449,0.473932636,0.645570437
0.188813388,0.474091182,0.645715892
0.18174995,0.488225729,0.641884251
0.809387765,0.677665353,1.227978852
0.809540996,0.67777323,1.228128638
0.812290595,0.676465804,1.227261467
0.238525584,0.429780328,0.687477175
-0.619318327,-0.499202279,-0.095728155
-0.619308355,-0.499155927,-0.0967232
-0.619170078,-0.498916495,-0.096404792
0.591813711,1.204558156,1.103997243
-0.099086104,0.984062619,0.599977041
-0.099478486,0.983732995,0.599702801
0.058233836,-0.290426632,-0.726063042
0.060555053,-0.284562808,-0.770480147
-1.042886917,0.000539554,-0.61699958
-1.021457582,-0.00568803,-0.617562087
-1.021433933,-0.005728932,-0.617595178
0.800640415,0.739283478,1.24125348
0.800150442,0.73895164,1.240773648
0.801950381,0.741203059,1.234956622
-0.552039991,-0.700763921,-0.056704571
-0.552160348,-0.700874312,-0.056913178
-0.238767527,-1.796861191,-0.337901052
-0.238824964,-1.796948336,-0.337951472
1.149307315,0.887712043,0.964263657
0.448898684,0.178512141,0.537845244
0.398699264,0.190797486,0.571519649
-0.019921434,-1.003383503,-1.259433217
-0.019905742,-1.003468946,-1.259467559
0.945878856,1.054022849,0.443598936
0.945976062,1.054096989,0.443706277
0.11555423,0.491074629,-0.126905095
0.114908703,0.495272406,-0.128673756
0.115208768,0.495548447,-0.128605021
-0.472456785,-1.752694677,-0.395848892
-0.480776152,-1.749874615,-0.406711754
0.824286098,0.951744075,1.179157543
0.889037444,0.954978596,0.571849578
0.880651072,0.947469641,0.576873595
0.116789796,0.496881059,-0.128080307
0.116603169,0.496699348,-0.128109582
0.117844693,0.500652472,-0.128943245
-0.445931219,-1.756318445,-0.377060649
-0.437085777,-1.75659423,-0.373383368
0.306138447,0.198272167,0.382519003
0.307490023,0.187453731,0.354158511
0.17832015,0.291790822,0.108907736
0.172653642,0.293377135,0.106041484
0.836333961,0.755376373,0.554078127
-0.426253384,-1.759455145,-0.373212873
-0.42627377,-1.759483655,-0.373237605
-0.426322634,-1.759538331,-0.373283438
1.207361688,0.691105229,1.03562601
1.206523417,0.689998139,1.037329435
1.20653601,0.688950377,1.039730805
1.086562704,0.946026204,0.938093549
1.086574727,0.946040514,0.938102555
-0.022612587,-1.000736163,-1.259699961
0.932926926,0.904723307,1.130780046
0.926829147,0.908640925,1.13144976
0.821093415,0.957358476,1.184126999
1.467899266,0.81959501,0.536752414
1.465273356,0.82420846,0.54257774
1.465325571,0.82432663,0.543871249
0.069559555,0.404970951,-0.066587111
0.069558505,0.404922489,-0.066571913
0.071437886,0.408096676,-0.075526902
-0.712186782,-0.216064886,-0.72195192
-0.712170239,-0.21599161,-0.721921964
-0.712114054,-0.215820067,-0.721849376
-0.383667222,-0.104368376,-1.436259312
-0.388020405,-0.106563898,-1.442373638
-0.388206893,-0.106638959,-1.442456592
0.508571246,0.34990451,0.460611411
0.508454275,0.349754593,0.460489124
0.505949686,0.348042145,0.459577632
1.382374059,1.033007171,1.473255584
1.377712794,1.033891605,1.475627721
0.358680443,-1.020426384,-0.219129825
0.358475626,-1.020586986,-0.219257523
0.358167716,-1.020871826,-0.219465901
0.363308509,0.40810822,0.300294028
0.357660288,0.405718252,0.300358843
0.357602084,0.405725157,0.300384885
0.972218359,1.5303391,1.251552942
0.972076224,1.53028754,1.251482356
0.971644211,1.530137599,1.251279247
1.643542311,1.611655778,1.406186592
1.642798155,1.608500869,1.404859874
-0.376322897,-0.099407517,-1.423699483
1.487032068,0.604384975,0.420877419
1.481152602,0.599686355,0.41916152
1.481157463,0.59978123,0.419222904
0.29125139,0.43262611,-0.77297738
0.290884196,0.432212399,-0.773351055
-0.374626018,-0.09864269,-1.422820972
-0.374700633,-0.098681332,-1.42286855
-0.378248294,-0.101276681,-1.429015871
0.884758053,1.060994553,1.272903651
0.884848941,1.060972154,1.274854524
1.055409219,-0.073102941,0.017823811
1.058857225,-0.072777574,0.014466087
1.05907247,-0.072582498,0.082641765
-1.131906949,-1.010441283,-0.968896007
-1.132097674,-1.010667457,-0.967170699
0.175741208,0.215268241,0.089638109
0.185345658,0.202287543,0.012979843
1.459826063,0.846560475,0.556027376
1.459817493,0.846531496,0.555981721
1.459755011,0.846395008,0.555800806
0.093913261,0.411355442,-0.121136008
0.093836962,0.411234092,-0.121216962
0.093717498,0.411027426,-0.121334656
-0.550990462,-0.217919565,-0.974725949
-0.550954915,-0.217892471,-0.974704808
-0.548856055,-0.217996693,-0.985553007
1.504208275,1.273602992,1.196533116
1.504172081,1.273557777,1.196567433
1.504098275,1.273480309,1.196696893
0.444614066,0.179219453,-0.239693105
0.448945229,0.170754991,-0.241235148
0.448971259,0.170694736,-0.241183183
-0.293288803,0.234643415,0.684535321
-0.295059075,0.241439326,0.69412652
-0.295369869,0.240911225,0.693743968
0.64718684,0.968076239,1.082434173
0.64706211,0.967922428,1.08238086
0.64680165,0.967740509,1.082123119
0.270219551,-0.455261672,-0.106416579
0.269780204,-0.455601465,-0.10684338
0.001176643,0.604752674,0.778642473
0.009819908,0.603332656,0.773195183
1.097626033,1.407202079,1.258964266
1.087997475,1.424772625,1.225944352
1.088010152,1.424703644,1.225777855
1.280940798,1.471081527,1.499161873
1.281176207,1.470655518,1.481599743
1.281093254,1.470605255,1.481737019
-0.26883504,0.090324315,0.631913568
-0.268670038,0.090583537,0.632149538
-0.27132689,0.102501576,0.629966783
0.352142631,0.317712539,-0.340173809
0.357087011,0.311116719,-0.335995138
0.511877965,1.258287641,1.087813819
0.511774147,1.258204471,1.087657954
0.511639459,1.258079729,1.087420338
1.160374142,1.172190247,1.437646434
1.155998091,1.177374368,1.434564341
1.156163403,1.17768537,1.434927623
1.323988722,1.402036898,1.711249795
1.324078394,1.402136316,1.711405222
1.189011488,1.379533994,1.443708957
1.189184785,1.37961619,1.443827701
0.027945629,0.582125509,0.753954856
0.039686057,0.580009927,0.751975387
1.238368238,1.484225564,1.465815934
1.23784946,1.483493778,1.465278414
-0.403718009,0.323752391,1.079250014
-0.401476179,0.332350456,1.076996104
0.348230082,0.324083743,-0.342902497
0.348255071,0.324245872,-0.342758325
0.348316573,0.32455886,-0.342450185
-0.272003558,0.085208657,0.6280206
-0.275018057,0.096509668,0.625346036
-0.275299089,0.096060227,0.624972847
0.568525541,1.142928045,1.064276732
0.567941563,1.148235466,1.06503497
0.567719148,1.14808386,1.064736097
1.487415962,1.209795025,1.172923878
1.487456508,1.209821108,1.172875642
1.489614146,1.205060095,1.176286358
1.445969738,0.782422977,0.501857571
1.448872303,0.777768672,0.497111851
1.449281331,0.778243271,0.497533365
1.373887791,0.959103851,1.439365912
1.368432366,0.960612785,1.441861614
1.369052347,0.961216328,1.441294057
-0.379642553,-0.12917235,-1.425118658
-0.380113475,-0.129527792,-1.425494843
-0.380142541,-0.129469029,-1.425425791
0.143297645,0.394127844,-0.910490924
0.143103498,0.393872403,-0.907692903
0.141126751,0.387755167,-0.907398791
1.265438307,0.388161081,0.43386747
1.259492851,0.385330285,0.435776719
1.259134343,0.384957756,0.430864502
-0.714211779,-0.246701981,-0.790265407
-0.714246149,-0.246694854,-0.790252952
-0.714329481,-0.246662707,-0.790208997
-0.71501274,-0.247566939,-0.790929661
-0.714937582,-0.247453918,-0.790837839
-0.707700617,-0.245986646,-0.801628882
-1.702220567,-1.919520172,-1.818400587
1.428813964,0.814809583,0.518474079
1.42716748,0.812723258,0.516618434
1.42836603,0.825319519,0.519104418
1.474595294,1.206466182,1.15656129
1.474705259,1.206625676,1.15666115
1.477120842,1.202261694,1.160554654
1.472378221,1.211861038,1.155173087
1.472226857,1.211636409,1.155021255
1.474045486,1.206543533,1.158704447
1.430965367,0.800556723,0.517727392
1.430488695,0.800038687,0.517373887
1.430576775,0.800168472,0.517518138
0.040377203,0.37300888,-0.141956737
0.046035052,0.37439166,-0.150025533
0.046429747,0.374903866,-0.149531436
0.04498745,0.373152433,-0.151418348
0.04503169,0.373227252,-0.151374805
0.045154504,0.373482376,-0.151286155
-1.94396329,-1.731663758,-1.65980768
-1.936912329,-1.738309089,-1.662906401
-1.936577355,-1.737981658,-1.662537453
0.306005761,0.363586177,-0.578405853
0.304267347,0.362374161,-0.585949843
0.304380238,0.362591561,-0.585898332
-0.382815702,-0.130625186,-1.426576109
-0.389380909,-0.127425813,-1.434047036
-0.396386997,-0.125497149,-1.440935548
-0.566733782,-0.243512551,-0.983965271
-0.566947557,-0.2437104,-0.984141742
-0.566389585,-0.24429887,-0.993797988
0.31339322,0.374963555,-0.572276683
0.313457902,0.375037341,-0.57219564
0.312046665,0.374158305,-0.579270556
1.463429655,0.565069102,0.390517553
1.463143908,0.564701707,0.390190876
1.456920203,0.559773299,0.388675827
0.927197567,0.931202306,1.158571696
0.92103853,0.932438603,1.162651103
-0.2276499,0.382074956,0.089511159
-0.227295012,0.382318219,0.089892312
-1.449150208,-0.662427358,-1.358264572
-1.448997132,-0.662060698,-1.358117046
0.995688289,1.103479374,0.057104613
0.933126976,0.937401709,1.161620058
0.927321675,0.938873178,1.165736822
-0.227859194,0,0
1.330341714,1.056324738,1.451909838
1.33043639,1.056435266,1.451969171
-0.228184583,0.382329305,0.165261975
0.887754461,1.337250749,1.233810692
1.262845951,0.408820816,0.42437831
1.256901582,0.40644439,0.421762192
0.88785085,1.337249434,0.967793545
0.130620529,0,0
-0.015816158,0,0
0.133763591,0.349663091,-0.875908176
0.003689292,-0.272535603,0.654490202
0.136708626,0.340392956,-0.876548321
0.003122662,-0.272220546,0.662349279
-0.396777046,-0.180910747,-1.150018347
-1.860650042,-1.687434726,-3.449031959
-0.39670929,-0.18087533,-1.242211601
-1.858396958,-1.7057283,-2.749904235
-0.396638084,-0.180833647,-1.242180974
1.323450816,1.057758092,1.459330647
1.327357133,1.056939555,1.456576201
1.32727034,1.05682585,1.456518775
1.130886501,0.360579768,0.422109764
0.887763749,1.079502249,1.243496614
0.887784375,1.079479186,1.24356227
0.323652092,-0.986222571,-0.270494024
0.327204215,-0.997483903,-0.265601577
0.818625505,0.059243608,-0.168986515
0.327264271,-0.997411633,-0.26556758
0.818610908,0.059229115,-0.168999814
-1.379915525,-2.060408956,-1.46354427
0.573463348,-0.160439628,-0.181541033
-1.379948858,-2.060564335,-1.463675542
0.573464223,-0.160504107,-0.181620731
1.427762273,1.12120447,1.269747279
1.424890956,1.120764028,1.268981699
-1.828467772,0,0
1.174408865,0,0
-1.867367865,-0.275698112,-0.065255016
1.228690919,0.95604462,0.966270735
-1.867178519,-0.253305263,-0.073110875
1.480656858,0.72957114,0
0.779121615,1.094715897,1.317454134
-0.746072821,0,0
0.654027159,1.038422062,1.34163736
0.649083868,1.043394907,1.440520125
0.228962352,0.380464578,-0.382397862
0.834253003,0.329305326,0.001075306
0.23393383,0.379887054,-0.392486142
0.837769747,0.315373466,0.002826924
0.234009425,0.380007191,-0.392394509
-1.979121518,0,0
-0.762392728,-1.546619602,-1.63962072
-0.264629118,-0.925808837,-1.791263526
-0.762938372,-1.5494238,-1.642656122
0.279174841,-0.72594022,-0.363696272
1.026115906,-0.100325502,0.084992874
0.281352764,-0.735271965,-0.362961746
1.026060895,-0.100391083,0.084895959
0.079416133,1.277435865,0
0.423912592,0.311625088,0.465018858
0.079306917,0.361055392,-0.044359666
0.423811039,0.311486571,0.4648747
-0.814944413,-0.543951819,-0.409042386
-0.067542258,0,0
0.011562318,-0.270795933,0.631135343
-0.808478952,-0.54748092,-0.411605138
-1.442336298,-1.012547651,0
-1.60061831,-1.921924433,-2.039072076
-1.44239517,-0.730416321,-1.37929581
-1.602582576,-1.919122536,-2.042325487
-1.442285613,-0.730205084,-1.385614608
-0.010821385,0.863848662,-0.081399205
-0.004311934,0.86191901,-0.090289945
0.851647513,0.957441239,1.268618853
1.338648272,0.786780983,1.203555937
1.181234709,1.013751063,0.997140003
1.338629518,0.786899514,1.203672495
-1.946370754,-1.779202779,-1.423857117
-1.937703744,-1.785678296,-1.665243967
0.373136556,0.189085822,0.71551916
-0.163031318,-0.146980082,-1.011893297
-0.162945598,-0.146841641,-1.011756987
-0.156088825,-0.145692242,-1.015108057
-0.666299454,-0.482963473,0.038779772
-1.166241101,-0.609526172,-0.689222283
-1.178136906,-0.60778844,-0.680651122
-2.051073978,0.026953014,0.012403479
-2.0505238,-0.012016684,0
-0.568097825,0.588830835,-0.016647953
-0.568240358,0.588705229,-0.016798666
-0.561495318,0.591222058,-0.016701244
0.664605888,0.824857275,0.629608791
0.656276275,0.825264552,0.631495561
-1.079593672,-0.05860892,-0.674097125
0.063403324,-0.554094991,-0.368483966
-0.762361868,-0.770859249,-0.392254007
-0.760158925,-0.766269316,-0.403460917
0.50896368,-0.121041313,0.958492701
0.536155201,0.777277998,0.995463748
0.534491456,1.333900331,0
0.534482788,1.201908586,1.179709612
0.535361727,1.20516325,1.180056888
-0.723994961,0,0
-0.732691,-0.169163528,0.563323782
-0.732326912,-0.168482878,0.563673035
-0.202263588,-1.158457508,-0.470906192
-0.201741305,-1.157871167,-0.472949037
0.068643027,-0.327966862,-0.818810356
0.068714302,-0.327887599,-0.818765891
-0.712651542,-0.370595138,-0.013389539
-0.715372481,-0.369318788,-0.016731873
0.795279488,0.71673313,1.627694939
0.797750009,0.718894023,1.240544165
-0.159727626,0.964334953,0.601089398
0.685416954,1.037277605,1.115827354
0.68509285,1.037071282,1.115542378
0.6740807,1.044377737,1.114066893
-1.11342742,0.071296639,0
-1.09777207,-0.039887067,-0.659057635
0.792072985,0.660732563,1.233972183
0.793749459,0.663012433,1.234323315
0.794597515,0.632952232,0
1.282234012,1.601036365,1.474831645
1.278531417,1.60466251,1.455687329
1.274302574,1.608350637,1.452568679
0.395947851,0.235301358,-0.176211313
0.395899014,0.235319404,-0.176196275
-0.052091977,0.689565057,1.061852454
-0.04266011,0.690462637,1.05764539
-0.03097284,0.691048277,1.052790026
1.170945674,1.221680853,1.2862902
1.285027671,1.615631657,1.493852385
1.283353852,1.61330525,1.525202733
0.38524835,0.253220765,-0.175591079
0.36996644,0.30708617,-0.228393965
-0.130672226,0.470294504,0.574085702
0.995625743,0.735710125,1.225055416
0.954309477,0.765992897,1.215504295
0.954415121,0.766064122,1.21553908
1.478010749,1.379387606,1.58081433
1.466741148,1.376515496,1.568404413
1.466649199,1.376425817,1.560234432
0.193052135,-0.282089942,0.000807895
0.185593909,-0.281730861,0.000637349
0.379867801,0.248308182,-0.193190216
0.379922303,0.248298847,-0.082399931
0.386709841,0.832826958,0.862406117
0.386760488,0.832847203,0.838193425
0.878419771,1.204786651,1.536383686
0.685663169,1.128145417,1.157786945
0.682501207,1.134733361,1.21421475
1.284451282,1.57969987,1.558268658
1.288692332,1.576932455,1.556083606
1.270141291,1.605768615,1.462188161
0.377120012,-0.403846995,0.072261804
0.377045659,-0.403951003,0.072292544
0.161958482,0.699861164,0.956195549
-0.108723613,0.258767653,0.736610972
0.873240714,1.192877386,1.626309879
0.873193386,1.19293525,1.626274997
0.878135922,1.192578064,1.638070292
1.239589244,1.522682909,1.509472035
1.238545742,1.527992863,1.506218106
1.238447721,1.527889657,1.506145468
0.203067214,-0.278772039,0.003546647
0.193380759,-0.277053307,0.003396875
0.420602682,1.133756017,0.659978075
0.42029253,1.133665598,0.693031022
0.891459096,1.196040043,1.522145453
0.891526724,1.195830733,1.522081671
0.584648976,1.087487123,1.269594376
0.580161856,1.093344976,1.267386759
0.575766798,1.098959789,1.264803759
0.105422138,0.090069906,0.070966278
0.106166802,0.090754259,0.071809281
0.100650675,0.094660291,0.063662687
-1.342410664,-0.601486198,-0.313894506
-1.341532938,-0.600946033,-0.313479465
-0.044968546,0.10293185,0.257937744
-1.67668397,-2.283471678,-1.626730696
1.184152394,0.749484046,0.939736512
1.228259567,0.268815745,0.5667261
-0.161900511,0.027534488,-1.172678104
-0.670339235,-0.167311396,0
-0.670252724,-0.328990784,-1.665189217
-0.518071672,0,0
1.264881374,1.078858531,0.661244738
0.871814127,0.7337511,1.214561934
0.729364691,0.885845759,1.186922638
0.854510739,0.090811911,0.051432401
0.631601603,0.121509942,0
0.887123417,0,0
-0.06054292,-1.32010734,-0.534006898
0.076291587,0,0
0.075556933,0,0
-0.383322904,-1.926958744,-1.948604697
-0.382972874,-1.934906087,-1.938722078
-1.005918382,-0.625368055,-0.722553639
-1.002405953,-0.632223674,-0.709026971
-1.002748785,-0.632438034,-0.709143142
-0.224904811,0.077854616,-0.44877095
-0.224825647,0.077901463,-0.44867213
1.204116755,0.519715809,0.274582195
1.204166861,0.519764113,0.274620898
1.204004145,0.51959938,0.350181301
1.224473349,1.000447096,0.740222035
1.209437565,0.858852854,0.89129292
1.208827599,0.854138806,0.896112794
0.296610876,0.823278084,1.177165325
0.296707921,0.823361064,1.177266874
0.301236913,0.824022523,1.172964367
0.585623187,0.032086941,-0.150902096
0.589398435,0.019689779,-0.147911014
-1.69106229,-0.985537324,-1.565417847
-1.690938805,-1.308733831,0
-1.700720364,-0.976212839,-1.57063362
-0.296650107,0.272408893,-0.426722556
-0.296679375,0.264416338,-0.423079442
-0.297031338,0.263817904,-0.250231762
1.299161711,0,0
1.440711173,1.20167853,0.740810549
1.441417565,1.202956677,0.741797628
-0.754605837,0,0
-1.950166612,-1.00113592,-1.482322784
-1.866648496,-0.986976875,-1.511233486
-1.940660066,-1.001546552,-1.487978597
0.87253483,1.277893027,0.576349145
0.871060848,1.276523425,0.579740427
0.229488999,-0.026644676,0.226806944
-0.747988101,-0.791549872,-0.547118494
-0.750046605,-0.795908886,-0.53555252
-1.78277909,-1.625637792,-1.422158039
-1.78011809,-1.634705167,-1.427905276
0.064140326,-1.004547634,-0.537659176
0.057600734,-0.996783745,-0.568537363
0.058006222,-0.996579361,-0.541240064
-0.075846753,0.265437453,-0.635852485
-0.078431672,0,0
1.118697153,1.080385123,0.366514992
1.11928086,1.080998653,0.367203635
0.245351956,0.269919522,0.041164343
0.245797655,0.268030467,0.03973785
0.245115192,0.267155821,0.038977793
-1.835906754,-1.707284858,-1.596487351
-1.837071058,-1.701363279,-1.585402366
-0.710383918,-0.406977962,-1.49468494
-0.710200854,-0.406786861,-1.494466686
-0.712519229,-0.408777808,-1.49397453
-1.744493309,-1.633033282,0
-1.738686522,-1.80567213,-1.792474214
-1.738069403,-1.805254336,-1.78676388
-1.039588728,-1.68359916,-1.75933332
-1.039571043,-1.683550205,-1.759261345
-1.038715962,-1.678030417,-1.75333225
-0.733361848,-0.427042243,-1.539759056
-0.733790121,-0.42743532,-1.540378581
-1.874146441,-1.756017494,-1.620590195
-1.873789001,-1.755458033,-1.62026551
-0.876128706,-0.578212871,-0.180925705
-0.876321278,-0.578394835,-0.48751593
-0.884800786,-0.579445341,-0.483986583
-2.325506653,-2.450720723,-1.773345821
-2.334390457,0,0
-0.436938137,-1.666841692,-1.570742584
0.736029479,1.248665846,0.874742657
0.736129823,1.249367851,0.8890642
0.736513228,1.249740682,1.025394962
0.351552705,-0.047511098,0.223283759
0.349690441,-0.055196378,0.229216373
-0.721991951,-1.661609771,-1.357760944
-0.740422816,-1.661828762,-1.353675122
-0.757126345,-1.662453096,-1.348147839
0.354187679,-0.04319404,0.226198457
0.353474534,-0.034606993,0.217718003
0.644013026,1.254796792,0.970793088
0.646691796,1.253185716,0.967194567
0.264129583,0.009159779,0.34479829
0.263800029,0.008794112,0.344495584
0.265201965,0.002567406,0.337165002
-1.080113416,-0.658170426,-0.280209457
-0.990457321,-0.716357723,-0.30365885
-1.024876434,-0.687689529,-0.292640554
-1.651099141,-1.588802033,-1.896686615
-1.650793443,-1.588568438,-1.948155802
-1.649711867,-1.587746838,-1.90898661
-0.723719651,-1.663947866,-1.359336948
-0.742975438,-1.665071579,-1.353483954
-0.554570894,-0.681881241,-0.684947216
-0.564340846,-0.681363119,-0.687572597
-0.565159625,-0.682227043,-0.69291479
-0.56330387,-0.68057075,-0.686459789
-0.563491823,-0.680759059,-0.686615338
-0.562812431,-0.680095478,-0.686035424
-0.572341756,-0.681720107,-0.689640632
-0.572537796,-0.681902438,-0.689815614
-0.572744402,-0.682126598,-0.689965251
-0.751752219,-1.656964389,-1.34346121
-0.780027018,-1.659576542,-1.333440352
-0.765633955,-1.657666898,-1.337419344
0.732486656,1.246099347,0.942709714
0.732767695,1.245778934,0.959379522
0.733131406,1.246072439,0.938788094
0.345406142,-0.061140472,0.232873068
0.344693317,-0.062082848,0.232124244
-0.665984353,-2.054002733,-1.626959981
-0.665110965,-2.052695498,-1.626173362
-0.678786011,-2.047708282,-1.617612439
-2.103920383,-1.759313941,-1.881101362
-2.104065931,-1.763369905,-1.875473696
0.017626982,-0.221515569,0.107791435
0.67634851,1.108746448,0.482118049
0.099447309,-0.347726211,0.093512508
-1.162060303,-1.068258274,-0.451923953
-1.161955546,-1.068156601,-0.451903634
-1.161437137,-1.067548635,-0.451408211
-1.711032227,-2.217809566,-1.965350043
-1.711401152,-2.21787948,-1.96541667
0.675484653,1.107843371,0.46745895
0.78795002,1.106426959,0.282009727
0.788227753,1.104666367,0.301995334
1.039558818,0.807445311,0
1.039430339,0.464492236,0.279769444
1.036656614,0.456889697,0.288942362
-2.121103773,-1.77640543,-1.909365582
-2.122541673,-1.779824848,-1.90607283
-2.121580026,-1.776875259,-1.909866674
-1.821508927,-2.195422447,-1.725439132
-1.839553107,-2.185836056,-1.485419877
-1.83146186,-2.191546568,-1.767000613
-0.01977385,-0.294636622,-0.162135888
-2.192069394,-1.915725994,-1.145248471
-1.368694217,-0.856284762,-0.403534299
-0.78988815,-1.657769769,-1.914052148
-1.126969127,-1.089688574,-0.503011653
-1.114869002,-1.085476295,-0.520222922
-1.127137967,-1.089841258,-0.50299745
0.784840732,1.101172772,0.347057612
0.784747831,1.10108588,0.286972437
0.795730017,1.112218883,0.403046632
0.796126225,1.110392183,0.425258205
0.795504516,1.109767082,0.389704265
0.035950218,-0.104760305,-0.114546408
0.031920897,-0.111357276,-0.115389009
-1.02929305,-0.904672384,-0.663832459
-1.042805659,-0.89908575,-0.503573067
-1.042310806,-0.89868634,-0.50305034
0.026053506,-0.209930151,0.064597453
0.506189667,-0.6043904,-0.562922799
1.072931962,1.317989028,0.304433698
1.095214357,1.307646441,0.291119517
1.094853348,1.307377238,0.290823022
1.10197705,0.724287843,0
-0.020113773,0.131596325,-1.096060869
-0.03160664,0.134381006,-1.104990801
-0.031298718,0.134685819,-1.104685677
-0.815160039,-0.2918953,-1.773234501
0.320884676,0.872523439,1.307792687
-0.812817932,-0.302899932,-1.775077329
0.320941491,0.872604704,1.307834512
0.321048704,0.872842874,1.307903738
1.069736466,0.704676792,1.251482924
1.065647623,0.70603714,1.252750664
0.902862782,0.154358696,0.091374064
0.914270345,0.149997991,0.111627094
-0.086679081,-0.115469751,-1.03333418
-1.77370363,-1.097188085,-1.699610268
-0.090051807,-0.106619597,-1.037977578
-1.766077996,-1.095940952,-1.714510885
-0.093956129,-0.097795352,-1.030952184
1.061678019,0.182753004,0.22339709
1.062140494,0.183289363,0.223879392
1.096462651,0.702985037,1.245754806
1.092468743,0.704560937,1.248457277
1.054372734,0.716907353,1.257431054
0.962999384,0.813356617,1.279230524
-0.096790321,-0.056615862,-0.845355546
-0.093738806,-0.068133288,-0.837273254
-0.094057353,-0.068554362,-0.837591191
-0.31922659,-1.810850361,-1.906132395
-0.096819081,0.096290999,-1.119422786
-0.906214625,-1.786501078,-0.940894706
-0.913564398,-1.780056112,-0.939078583
0.828498172,-0.277376744,-0.203907307
0.830231442,-0.274198959,-0.204322223
0.659683944,0.021521453,-0.112585376
-0.233509348,0.330389443,-0.388709441
-0.226715912,0.577906947,0
0.505305761,-0.604073859,-0.562998978
1.072835778,0.189322078,0.213530907
1.073019622,0.189519871,0.286773266
1.068799134,0.188025762,0.210300361
-0.092463566,0.066940854,-1.108789442
-0.094792496,0.0751524,-1.109665358
-0.316862638,-1.802925859,-1.914437851
-0.316864713,-1.802929265,-1.914503913
-1.101116489,-0.815070781,0
-2.0720247,-2.059998912,-1.907942865
-2.073009143,-2.087974688,0
-1.345365849,-0.823816736,-0.529311223
-1.345535619,-0.82391403,-0.529635204
-1.3449781,-0.823513838,-0.529283041
-0.395300759,0.012052744,0.065062644
-0.388730446,0.010557118,0.044361588
-2.098608708,-2.192515004,-0.946152477
-2.098646121,-2.192554087,-0.946186978
0.015636505,0.02197457,-0.212225585
0.013008142,0.015894774,-0.212504061
-0.170245749,-1.349865726,-0.485158318
-0.170118885,-1.349774745,-0.749432854
-0.178502182,-1.338481697,-0.753852219
-2.113064977,-2.175198844,-0.058541839
-2.113306148,-2.175336453,-0.058588491
-2.114067945,-2.185469979,0
-1.923208395,-2.157339794,-1.690064804
-1.935159241,-2.152606275,-1.694989003
-1.935553194,-2.152868304,-1.423443171
0.018293749,-0.247008888,0.086070767
0.018360361,-0.246908716,0.082706903
0.015289947,-0.242384282,0.083407754
-2.445713624,-1.36399241,-1.599994381
-2.424129553,-1.38719711,-1.598491155
-2.445300836,-1.363665583,-1.654712135
-2.111760355,-2.174355012,-0.058140575
-2.111987359,-2.174483779,-0.058183337
-2.112697873,-2.184571854,0
-1.247699445,-0.831624565,-0.592263555
-1.247664642,-0.831600586,-0.592263372
-1.247445194,-0.831444734,-0.592194479
-1.085923583,-1.074106446,-0.561961165
-1.076229899,-1.070980251,-0.577266502
-1.076525702,-1.071259186,-0.577355538
-1.999309798,-2.109597948,-1.770670939
-1.998858054,-2.109250219,-1.770309378
-1.342389297,-0.901300771,-0.434060431
-0.038651252,-0.308199395,0
-2.116642804,-1.189251629,-1.702150861
-2.142927455,-1.861342289,-1.767181886
-2.039522471,-2.131590273,-1.922469194
-2.039780948,-2.13183135,-1.922595289
-2.046955107,-2.137169592,-1.920104702
-1.206483283,-2.000837453,-1.966015555
-1.207084002,-1.995034159,-1.963173532
-1.20636494,-2.000562638,-1.965958708
-0.02720453,0.06939775,-0.400279908
-0.026014357,0.07017331,-0.156477836
1.263365961,1.20701319,0.424204299
0.146079999,0.210467601,0.400078245
-0.037964522,-1.225869813,-0.131708595
0.146953821,0.211531697,0.400783785
0.139004265,0.223807478,0.387195756
-0.27402886,-1.172840465,-0.369504444
-0.274298721,-1.172976647,-0.36962841
1.261664548,1.216399886,0.412627676
1.261510031,1.216279516,0.412360531
-0.092088563,0.738261241,0.030231353
-0.08822642,0.739525691,0.02600113
1.291761439,1.17549791,0.492157922
-0.060633066,0.540460463,0.170683237
-0.060713032,0.54055,0.170728205
1.295220895,1.157821437,0.559284221
1.298507278,1.132118631,1.029362669
1.18300734,1.213645518,0.388342066
1.182751047,1.213485492,0.38801522
0.208342827,0.122725604,0.651527974
0.208454873,0.122809453,0.651535657
0.208700602,0.127577818,0.806849159
-0.136707333,-0.247605909,-0.999498678
-0.136268901,-0.24685399,-0.999135289
1.263089441,1.21186544,0.813513544
1.263241527,1.2119971,0.424403258
1.261962264,1.214712471,0.419772073
-0.346796233,-1.164540233,0.360080911
-0.008592668,-1.22670974,-0.119575212
-0.091952866,0.73771871,0.073071899
-0.087969509,0.739060758,-0.010083984
-0.028981375,-1.218736284,-0.126844885
0.062913978,0,0
-0.089971051,0.769649361,-0.022654768
-0.291592812,-1.177061969,0.353859277
-0.28809392,-1.178797194,-0.380429296
0.004141333,0.632415508,0.030086577
0.003833076,0.632118594,0.075812109
-1.200083188,-0.592971443,-1.072718575
0.870615147,1.056198429,1.491277332
0.870532723,1.056057149,1.491119684
0.942944006,1.038898695,1.457602283
0.502535303,0.935909756,0.721291576
0.502594186,0.935948322,0.721349872
0.500191886,0.93321315,0.725249227
0.978357623,1.462876609,1.271526515
0.978069467,1.462717712,1.271478971
1.429691981,1.432964063,1.411171556
1.425606568,1.434614325,1.413239476
1.42563185,1.434782973,1.413329525
0.534821381,1.192122317,1.203217554
0.539469354,1.187663517,1.208990176
-0.244752707,0.565528874,1.010112824
0.548960548,1.179726444,1.236013942
0.54899254,1.179868227,1.236144498
0.549248651,1.180212861,1.219623023
0.609887027,1.146988399,1.401871324
0.609789261,1.146924997,1.401749071
0.613220812,1.142627667,1.404336549
0.254277348,1.049536273,0.805023404
0.264514595,1.045480547,0.78233318
0.264619784,1.045556069,0.782442847
0.277881019,-0.498253783,-0.112540911
0.269966324,-0.492317574,-0.116667084
1.320249097,1.33236097,1.478073157
1.320222517,1.332331945,1.478055452
1.319958917,1.332167995,1.47785939
1.154031719,1.053295574,1.424008286
1.153978257,1.053186433,1.398836338
1.15396523,1.053156794,1.397021061
1.191576029,1.560557831,1.415522042
1.334513711,1.320227134,1.484325601
1.335010453,1.320518356,1.482874199
1.204892032,0,0
1.158180042,1.461868526,1.456818117
1.159641182,1.466592062,1.443843855
0.115979512,-0.366601114,-0.172824416
0.116044275,-0.366542314,-0.172757089
0.116143827,-0.366463571,-0.172663658
0.478360271,0.007313231,-0.173453144
-0.021206061,0.571502102,0.752876937
0.049230814,0.554849699,0.734401237
0.355556989,0.300922993,-0.353950402
0.355578321,0.300989818,-0.35109346
0.35565796,0.301144549,-0.350807459
0.46063781,-0.006421726,-0.160230038
0.460728632,-0.006050744,-0.159915707
-0.224758195,0.563822561,0.953543584
-0.224734136,0.563854688,0.953567945
0.350762483,0.309272004,-0.347956944
-0.274626567,0.042778654,0.616551651
-0.274809922,0.042489129,0.616256686
-0.825341186,-0.864144921,0.341380432
-0.828931793,-0.860702242,0.350440999
-0.828969935,-0.860012554,0.350758799
0.482272092,0.966505402,1.112902013
0.48306858,0.965086964,1.123650153
-2.269227509,-0.2283948,-0.312675395
-2.268965486,-0.228209892,-0.31248718
-0.091858418,-0.308188876,0.793540166
-1.19325346,-0.755117732,-0.484775072
-1.193932235,-0.756465702,-0.482550546
-0.091253629,-0.307438316,0.793998263
-0.077316772,-0.310481136,0.796966642
-2.275600758,-0.202243534,-0.344848439
-2.274646412,-0.201778406,-0.344326999
-1.404062833,-0.682674235,-0.53516968
-1.403551299,-0.682558358,-0.534956692
-0.235426952,-0.563729925,-1.004305519
-0.088674462,-0.304982356,0.777920271
-0.186739009,0,0
-0.088134152,-0.304165355,0.77845515
0.298633471,0.618752395,0.537931059
-2.268402308,-0.20557687,-0.324552617
-2.268138604,-0.205405761,-0.324377175
-2.266803932,-0.202015335,-0.330944427
-1.388656292,-0.684687649,-0.521349564
-1.393656557,-0.681733685,-0.526616037
-0.377071168,-0.145408059,0.560230757
-0.376949075,-0.145275164,0.560338633
-0.385655213,-0.004195224,0
0.297014391,0.625726197,0.545292329
0.297441941,0.62631006,0.545588234
0.676501042,0.31272276,0.592157152
-0.088013922,-0.323308458,0.789599086
0.476931051,0.96035078,1.109662255
-2.818689672,-2.808384176,-2.065304652
-1.257778072,-0.309359087,-0.862076453
0.587218837,0,0
-0.188017793,0.491230163,0.639597236
-0.187802641,0.491412486,0.639794751
-0.169113852,0.481265058,0.687042799
-0.846572216,-0.511407089,0.331906038
-0.839104062,-0.511913944,0.323382405
-0.234323305,-0.567083603,-0.940379924
-0.233670679,-0.566531268,-0.939851893
-0.273067058,-0.440351824,-1.283390054
-0.270941844,-0.444172354,-1.281664474
-0.846640113,-0.897559305,-0.439190542
-0.19660438,0.528625507,0.328980335
0.505528562,0.547490589,0.969164792
-0.277500744,-0.438920847,-1.287118538
-2.797806023,-2.326459358,-0.141417542
-0.272958134,-0.446783971,-1.26192424
-0.74265933,-0.831786514,-0.7664199
-0.743033552,-0.819637641,-0.406399526
-0.057640852,0.227776866,0.395462081
0.528856748,0.468170758,0.986049494
0.534083024,0.462948948,0.986406598
-0.273843583,-0.453753024,-1.287936366
-0.273630314,-0.453501124,-1.28767702
-0.273194666,-0.45298851,-1.287150519
-0.744364728,-0.826800174,-0.412738112
-0.743894256,-0.832540942,-0.409392315
-0.059231256,0.226096501,0.390054987
-0.059096092,0.226274457,0.390205711
-0.049889386,0.211696805,0.399306822
0.5269157,0.46645674,0.984430264
0.527081628,0.466557747,0.984568014
0.530014929,0.464077805,0.985184088
-0.415344686,-0.386798329,-1.283955543
-2.463513039,-3.112970514,-2.162478823
-0.746389719,-0.839558781,-0.415041168
-0.746276617,-0.833907794,-0.509478882
-0.746562461,-0.821751811,-0.419536067
0.23812611,-0.212574363,0.552719296
0.226287688,-0.199895641,0.548740021
-0.178181252,0.489200976,0.326398425
0.466118655,0.948207015,1.03267347
0.467787979,0.945747432,1.030890028
-0.654062428,-1.184885559,-0.624702744
-0.139658363,0,0
-0.672055759,-1.182031368,-0.62073672
-0.763662514,0.383823701,-0.252329895
0.227335755,0.593348707,0.612947521
0.234059074,0.593347898,0.610630119
0.179028884,0,0
0.876095058,1.000340521,0.892433944
0.929033984,0.901910256,0
0.872922466,0.996128344,0.900372838
-0.257160446,-0.594045464,-1.03038264
-0.257529413,-0.601964478,-1.025518547
-0.254900954,-0.610369517,-1.022348801
-0.214603803,0.540134114,0.323617923
-0.209074828,0.53236799,0.322936052
-0.208632244,-0.313092398,0
-0.798020183,-0.622766895,-0.284573414
-0.797951733,-0.660829068,0
-0.797709936,-0.62244709,-0.461764589
0.499767991,0.538727011,1.060548458
0.499989681,0.538854548,0.962554554
0.500656146,0.539221279,0.963178545
-2.054959579,-1.992617517,-1.777057063
-2.061616999,-1.993011674,-1.776082995
-2.061657776,-1.993020144,-1.776141063
-2.068068329,-1.993811071,-1.77502287
-2.068092228,-1.993817853,-1.560600257
-2.074179575,-1.994031477,-1.773828227
-2.068339876,-1.993999335,-1.775368476
-2.068205927,-1.993669377,-1.775229667
-2.079749463,-1.992099994,-1.773729265
-2.079687287,-1.991940712,-1.773669038
-2.079636029,-1.991812833,-1.773619089
-2.084007425,-1.990878149,-1.772745892
-2.084014486,-1.990936391,-1.772749762
-2.084004695,-1.990965204,-1.772736743
-2.083998347,-1.991032259,-1.772724918
-2.084051062,-1.991167716,-1.772774699
-2.08401692,-1.991200346,-1.772734026
-2.062646536,-1.994858881,-1.777291622
-2.084236981,-1.991263329,-1.772977011
-2.084087485,-1.990921036,-1.772832875
-2.05653588,-1.995713026,-1.55888836
-2.056600063,-1.99582003,-1.779012225
-2.056615889,-1.995821126,-1.779036592
-1.994721199,-1.988499159,-1.785958512
-2.079871384,-1.992421843,-1.773846529
-2.07992971,-1.992510143,-1.773908359
-2.047416391,-1.99052432,-1.777256072
-2.047388135,-1.990437759,-1.777227808
-2.054212911,-1.99060171,-1.776270238
-2.079319967,-1.991990109,-1.773226734
-2.079238167,-1.991835165,-1.773142778
-2.079082986,-1.991522486,-1.772985172
-2.083837513,-1.990617023,-1.772573167
-2.08380895,-1.990579714,-1.772543673
-2.083612919,-1.9902102,-1.772349183
-2.074876467,-1.992613751,-1.774867495
-2.074968024,-1.992857326,-1.774957881
-2.061575799,-1.992719053,-1.776069175
-2.061630057,-1.992848541,-1.776127763
-2.047961025,-1.844877733,0
-2.048038902,-1.991829204,-1.778002125
-2.054972531,-1.992282216,-1.777138333
-2.04788408,-1.991432709,-1.777831261
-2.047827423,-1.991307536,-1.777764655
-2.0477708,-1.99120396,-1.777693692
0.384773052,-0.001926153,1.087480775
0.384557438,-0.002188813,1.087290822
0.383064304,-0.003978812,1.086061942
-0.684407709,-0.670598333,-0.385588269
-0.685868189,-0.66860644,-0.380451734
-0.638961699,-0.761072531,-0.486301048
-1.476281286,0.091225468,-0.460487867
-1.443438616,0.283723979,0
0.857417238,0.683172117,1.222563648
0.83110493,0.663668654,1.246902735
0.861645673,0.747825668,1.696334999
