Dist_5km,HDens_5km,Latitude,Longitude,People_site,Trail
0.04,9.345258331,0.3899441,-0.7723958,0.857,1
0.03,9.499196625,0.389925,-0.772392,0.002,0
0.03,9.647172546,0.3899111,-0.7723954,0.387,1
0.03,9.598065948,0.3899166,-0.7723972,0.003,0
0.03,9.60782547,0.3899179,-0.7724004,0,0
0.03,9.748790741,0.3899058,-0.7724046,0.443,1
0.03,9.715358734,0.3899097,-0.7724065,0,0
0.03,9.685090637,0.3899135,-0.7724103,0,0
0.04,9.051557922,0.3899955,-0.7724561,0.002,0
0.04,9.031835938,0.3899971,-0.7724504,0,0
0.03,9.480571747,0.3899138,-0.7723668,0.002,0
0.03,9.747323608,0.3898922,-0.7723703,0,0
0.03,9.66268692,0.3898904,-0.7723396,0,0
0.03,9.622821045,0.3898932,-0.7723337,0,0
0.03,9.89647522,0.3898706,-0.7723387,0,0
0.03,9.50293045,0.3899067,-0.7723066,0,0
0.03,9.438970184,0.3899109,-0.7723116,0.001,0
0.04,9.123628998,0.3899867,-0.7724443,0,0
0.04,9.082767487,0.3899899,-0.7724399,0,0
0.03,9.207279205,0.3899377,-0.7723407,0.001,0
0.03,9.18045578,0.3899443,-0.772354,0,0
0.03,9.314844513,0.3899359,-0.7723729,0,0
0.04,9.045506287,0.3899842,-0.7724171,0,0
0.04,9.026358795,0.3899846,-0.7724108,0,0
0.04,9.110665894,0.3899656,-0.77239,0.005,0
0.04,9.391678619,0.3899457,-0.7724112,0.681,1
0.04,9.373134613,0.3899487,-0.7724152,0,0
0.04,9.325119019,0.3899545,-0.7724169,0,0
0.04,9.429145813,0.3899488,-0.7724311,0,0
0.04,9.393876648,0.3899521,-0.7724311,0,0
0.04,9.404690552,0.3899544,-0.7724535,0.475,1
0.04,9.392671204,0.3899565,-0.7724475,0,0
0.04,9.237535858,0.3899736,-0.7724562,0.431,1
0.04,9.255177307,0.3899717,-0.7724523,0,0
0.04,9.294841003,0.389967,-0.7724475,0.001,0
0,0.07918576,0.3862484,-0.7829959,0.042,1
0,0.079609597,0.3862443,-0.7829933,0,0
0,0.079627007,0.3862323,-0.7829885,0,0
0,0.064716077,0.3862286,-0.7830299,0.04,1
0,0.063650948,0.3862323,-0.7830337,0,0
0,0.060266137,0.3862381,-0.7830454,0,0
0,0.049965492,0.3862184,-0.7830709,0.054,1
0,0.048447597,0.3862341,-0.7830826,0,0
0,0.04510549,0.3861999,-0.7830881,0.055,1
0,0.046050784,0.386198,-0.7830829,0,0
0,0.045984915,0.3861596,-0.7830836,0.037,1
0,0.047555092,0.3861577,-0.7830767,0,0
0,0.050588554,0.3861555,-0.7830638,0,0
0,0.052197903,0.3861493,-0.7830594,0.001,0
0,0.053211588,0.3861374,-0.7830584,0,0
0,0.060876262,0.3861547,-0.7830239,0,0
0,0.064516073,0.3861748,-0.7830148,0,0
0,0.091818279,0.3863748,-0.7830179,0.173,1
0,0.092141885,0.386378,-0.7830181,0,0
0,0.089870727,0.3863817,-0.7830232,0,0
0,0.089343172,0.3861152,-0.7829514,0.102,1
0,0.087547797,0.3861214,-0.7829548,0,0
0,0.080590647,0.3861287,-0.7829697,0,0
0,0.110389364,0.3861279,-0.7828918,0.025,1
0,0.108659816,0.3861281,-0.7828961,0,0
0,0.129020536,0.3861451,-0.7828423,0.101,1
0,0.137517583,0.3861529,-0.7828242,0,0
0,0.081652474,0.3863631,-0.7830294,0.209,1
0,0.08175472,0.3863589,-0.7830289,0,0
0,0.088082665,0.3863487,-0.7830138,0,0
0,0.143802619,0.3861029,-0.7827964,0.041,1
0,0.142424405,0.3860997,-0.7827997,0,0
0,0.069205874,0.3863558,-0.7830557,0.306,1
0,0.070901352,0.3863596,-0.7830529,0,0
0,0.058036041,0.3863276,-0.7830969,0.325,1
0,0.059294069,0.3863322,-0.7831206,0,0
0,0.065588862,0.3863205,-0.7830536,0,0
0,0.065137362,0.3863066,-0.7830503,0,0
0,0.080009025,0.3863136,-0.7830157,0.615,1
0,0.089269054,0.3863159,-0.7830107,0,0
0,0.089269054,0.3863263,-0.782999,0,0
0,0.098868728,0.3863054,-0.7829786,0.491,1
0,0.096241558,0.3863026,-0.7829806,0.003,0
0,0.089307338,0.3862878,-0.7829865,0,0
0,0.133716547,0.3863036,-0.7829254,0.118,1
0,0.134221077,0.3863063,-0.7829251,0,0
0,0.476390886,0.3740299,-0.7998116,0.095,1
0,0.481804609,0.3740254,-0.7998111,0.001,0
0,0.51166048,0.374012,-0.7998083,0,0
0,0.638171577,0.3740171,-0.7997803,0.109,1
0,0.649833107,0.3740194,-0.7997776,0,0
0,0.638190746,0.374026,-0.799778,0,0
0,1.175501347,0.3739932,-0.7997044,0.062,1
0,1.241793823,0.3740011,-0.7996845,0,0
0,1.341474533,0.3739568,-0.7997202,0.074,1
0,1.388061523,0.3739527,-0.7997177,0,0
0,1.129334927,0.3739378,-0.7997783,0.129,1
0,1.07418642,0.3739445,-0.7997775,0,0
0,1.003670979,0.3739574,-0.7997712,0,0
0,0.478473473,0.3739715,-0.799898,0.318,1
0,0.501357365,0.3739695,-0.7998948,0,0
0,0.61386528,0.3739574,-0.7998843,0,0
0.01,2.503273773,0.3737835,-0.8000272,0,0
0.01,1.610610008,0.3738171,-0.8000787,0.319,1
0.01,1.914446831,0.3738048,-0.8000586,0,0
0.01,1.782917213,0.3737982,-0.8000998,0.268,1
0.01,1.884652519,0.3737936,-0.8000967,0,0
0.01,2.104342079,0.3737862,-0.8000838,0,0
0.05,7.143797302,0.3736747,-0.7997456,0.209,1
0.05,7.111145782,0.3736787,-0.7997354,0,0
0.05,6.964594269,0.3736886,-0.7997244,0,0
0.04,6.48459549,0.3736955,-0.7997549,0,0
0.04,6.579595947,0.3736987,-0.7997373,0,0
0.04,6.11034317,0.3736959,-0.7997885,0.434,1
0.04,6.162328339,0.3736945,-0.799786,0,0
0.04,6.614552307,0.3736818,-0.7997815,0,0
0.03,4.933603287,0.3737265,-0.7998117,0.134,1
0.03,4.866366577,0.3737299,-0.7998084,0,0
0.03,4.86724205,0.3737346,-0.799799,0,0
0.04,4.018058014,0.3739012,-0.799442,0.54,1
0.04,4.010853958,0.3739031,-0.7994345,0,0
0.04,3.916559601,0.3739096,-0.7994198,0,0
0.03,3.170269585,0.3739347,-0.7994255,0.314,1
0.03,3.309081268,0.3739302,-0.799421,0,0
0.03,2.31555233,0.3739957,-0.7994364,0.292,1
0.03,2.33132019,0.3739962,-0.7994315,0,0
0.03,2.391026115,0.3739962,-0.7994151,0,0
0.02,2.175600815,0.3740166,-0.7994432,0.271,1
0.02,2.175593758,0.3740193,-0.7994417,0,0
0.02,2.215206337,0.3740269,-0.7994279,0.004,0
0.02,2.013864517,0.3740232,-0.799469,0.166,1
0.02,2.010223007,0.3740269,-0.7994682,0,0
0.02,1.95480938,0.3740244,-0.799483,0.211,1
0.02,1.906619263,0.3740312,-0.7994915,0,0
0.02,1.864215469,0.3740448,-0.7994968,0,0
0,0.95148344,0.3966397,-0.7749061,0.155,1
0,0.958222485,0.396641,-0.7749003,0,0
0,0.97166481,0.3966436,-0.7748832,0,0
0,0.844740486,0.3966223,-0.7748353,0.011,1
0,0.864693737,0.3966264,-0.774832,0,0
0,1.915097427,0.3963333,-0.7746646,0,0
0,1.799139404,0.3963424,-0.774677,0,0
0,2.111664581,0.396348,-0.774637,0,0
0,2.127163887,0.3963544,-0.7746318,0,0
0,2.21397934,0.3963721,-0.7746118,0,0
0,2.081402016,0.3963802,-0.774629,0,0
0,2.197926331,0.3963885,-0.7746056,0.599,1
0,2.250934982,0.3963855,-0.7745993,0,0
0,2.448782158,0.3963774,-0.7745784,0,0
0,2.30922966,0.3964873,-0.7745184,1.179,1
0,2.26807003,0.3964885,-0.7745225,0.021,0
0,2.096987343,0.3964979,-0.7745366,0,0
0,2.445803452,0.3965051,-0.7744755,0.777,1
0,2.420454407,0.3965099,-0.774474,0,0
0,2.364221001,0.3965231,-0.7744692,0,0
0,3.539755249,0.3964685,-0.7743501,0.085,1
0,3.54906044,0.3964645,-0.7743526,0,0
0,3.583905792,0.3964504,-0.77436,0,0
0,3.652826691,0.3964544,-0.77432,0.056,1
0,3.665354538,0.3964503,-0.7743209,0,0
0,3.666331482,0.3964398,-0.7743335,0,0
0,4.060289383,0.3962276,-0.774334,0.088,1
0,4.056888199,0.3962309,-0.7743148,0,0
0,4.0570755,0.3962353,-0.774298,0,0
0,3.51163063,0.3962361,-0.7745467,0.217,1
0,3.478139114,0.3962318,-0.7745496,0,0
0,3.895108414,0.3962069,-0.7744957,0.223,1
0,3.8676754,0.3962072,-0.7745011,0,0
0,3.763057709,0.3962071,-0.7745195,0,0
0,4.001748657,0.3961945,-0.7744655,0,0
0,4.017910004,0.3961868,-0.7744511,0,0
0,3.70164299,0.3961836,-0.7745252,0.244,1
0,3.632903671,0.3961852,-0.774532,0,0
0,3.486376572,0.396192,-0.774547,0,0
0,1.582826996,0.3960583,-0.77465,0.09,1
0,1.415982533,0.3960668,-0.7746755,0,0
0,2.336071396,0.3960425,-0.7745894,0.197,1
0,2.41239624,0.3960415,-0.7745835,0,0
0,2.17921505,0.3960271,-0.7745884,0.336,1
0,2.111392975,0.3960236,-0.7745928,0.001,0
0,2.645015144,0.396016,-0.7745472,0.213,1
0,2.704202843,0.3960193,-0.7745429,0,0
0,2.868850327,0.3960261,-0.774527,0,0
0,2.460134888,0.3959962,-0.7745455,0.191,1
0,2.554226112,0.3959955,-0.7745385,0.001,0
0,2.651976204,0.3959971,-0.7745301,0,0
0,2.149115753,0.3959684,-0.7745516,0.145,1
0,2.090991974,0.3959701,-0.7745565,0,0
0,1.918006516,0.3959675,-0.7745702,0,0
0,1.202222443,0.3967043,-0.7748405,0.015,1
0,2.515308571,0.395892,-0.7744388,0.606,1
0,2.528233147,0.3958969,-0.7744412,0,0
0,2.831284904,0.3959004,-0.7744137,0.704,1
0,2.862256622,0.395905,-0.7744138,0,0
0,2.941253853,0.3959176,-0.7744135,0,0
0,1.113467503,0.3966813,-0.7748601,0.086,1
0,1.096914196,0.3966778,-0.7748558,0,0
0,1.09385891,0.396681,-0.7748452,0,0
0,0.741674995,0.3462825,-0.7993358,0.037,1
0,0.754761171,0.3462836,-0.7993306,0,0
0,0.76089344,0.346258,-0.7992989,0.031,1
0,0.770182657,0.3462627,-0.7992967,0,0
0,0.76089344,0.346258,-0.7992991,0,0
0,0.777766705,0.3462458,-0.7992804,0.022,1
0,0.794819784,0.3462644,-0.7992749,0,0
0,0.797193193,0.3462485,-0.7992115,0.045,1
0,0.79840498,0.3462485,-0.7992047,0,0
0,0.801351452,0.3462479,-0.799184,0,0
0,0.798563194,0.3462599,-0.7992294,0.037,1
0,0.825444984,0.3462838,-0.7992378,0.06,1
0,0.822231007,0.3462813,-0.7992432,0,0
0,0.814468002,0.346275,-0.7992561,0,0
0,0.918776703,0.3463218,-0.7992534,0.046,1
0,0.909627342,0.3463193,-0.7992622,0,0
0,0.882042789,0.34631,-0.7992746,0,0
0,0.912691879,0.3463301,-0.799316,0.025,1
0,0.612962627,0.3463139,-0.7994808,0.006,1
0,0.61000309,0.3463131,-0.7994804,0,0
0,0.614758587,0.3463125,-0.7994595,0,0
0,0.82761879,0.3463873,-0.7994724,0,1
0,0.838689613,0.3463946,-0.7994724,0,0
0,0.849451065,0.3464018,-0.7994646,0,0
0,0.811354256,0.346381,-0.7994538,0.003,1
0,0.845551682,0.3463983,-0.7994459,0.001,0
0,0.671093464,0.3463303,-0.7994658,0,1
0,0.660127497,0.3463268,-0.79946,0,0
0.01,0.755628538,0.346235,-0.7990329,0,1
0.01,0.760371399,0.3462391,-0.7990355,0,0
0.01,0.732763577,0.3462382,-0.7990111,0.004,1
0.01,0.727959919,0.3462384,-0.7990057,0,0
0.01,0.71698103,0.3462385,-0.7989887,0,0
0.01,1.152140713,0.3463883,-0.7992525,0.154,1
0.01,1.168995667,0.3463888,-0.7992458,0,0
0.01,1.207571983,0.3463893,-0.799233,0,0
0,0.986915207,0.3463565,-0.7993001,0.088,1
0,0.994357586,0.346361,-0.7993064,0,0
0,0.853783035,0.3463171,-0.7993295,0.024,1
0,0.849002647,0.346318,-0.7993331,0,0
0,0.846093369,0.3463281,-0.7993478,0,0
0,0.795419931,0.3463006,-0.7993331,0,0
0,0.835782433,0.346305,-0.7993156,0,0
0.13,0.148400724,0.3567861,-0.8538806,0.061,1
0.13,0.13779,0.35675,-0.853883,0.14,1
0.13,0.136818826,0.35675,-0.853886,0,0
0.13,0.132987452,0.356744,-0.853894,0,0
0.13,0.138942647,0.3567189,-0.8538633,0.176,1
0.13,0.138509321,0.3567217,-0.8538661,0,0
0.04,0.30796032,0.356727,-0.8534933,0.114,1
0.04,0.30889647,0.3567263,-0.8534906,0,0
0.03,0.314638782,0.356726,-0.8534777,0,0
0.04,0.29844203,0.3567072,-0.8535031,0.181,1
0.04,0.296024656,0.356708,-0.8535096,0.001,0
0.04,0.287995768,0.3567077,-0.8535257,0,0
0.03,0.301901793,0.3566934,-0.8534873,0.584,1
0.03,0.298872256,0.3566943,-0.8534949,0,0
0.03,0.267805696,0.3565639,-0.8534052,0.007,1
0.02,0.269897532,0.3565621,-0.8533981,0,0
0.02,0.279258513,0.356561,-0.8533851,0,0
0.03,0.216106105,0.3565245,-0.8533984,0,1
0.03,0.221695065,0.3565249,-0.8533927,0,0
0.02,0.236678767,0.3565255,-0.8533783,0,0
0.03,0.182625556,0.3565051,-0.8534102,0.026,1
0.03,0.171746552,0.3565044,-0.8534204,0,0
0.09,0.229459047,0.3567576,-0.8537,0,0
0.08,0.230966735,0.3567396,-0.8536832,0.048,1
0.08,0.233165765,0.3567434,-0.8536793,0,0
0.08,0.235758448,0.3567523,-0.8536764,0,0
0.09,0.202910233,0.3567308,-0.8537313,0,0
0.09,0.196759295,0.356735,-0.8537428,0,0
0.05,0.231122828,0.3566518,-0.8535953,2.138,1
0.05,0.22827096,0.3566506,-0.8536005,0,0
0.05,0.216477203,0.3566445,-0.8536162,0,0
0.07,0.33291347,0.356871,-0.853548,0.038,1
0.05,0.333761048,0.3568094,-0.8535044,0.126,1
0.05,0.332486844,0.3568086,-0.8535071,0,0
0.06,0.334572744,0.3568315,-0.8535328,0.197,1
0.06,0.336268592,0.3568383,-0.8535316,0,0
0.06,0.335393071,0.3568448,-0.8535345,0,0
0.09,0.293627071,0.3569311,-0.8536412,0.075,1
0.09,0.295178556,0.356937,-0.8536399,0,0
0.08,0.294458222,0.3569181,-0.8536385,0,0
0.09,0.26571002,0.3569331,-0.8536917,0.125,1
0.09,0.266469407,0.356929,-0.853691,0.014,0
0.09,0.26776247,0.356918,-0.8536908,0.001,0
0.11,0.210675335,0.3569221,-0.8538032,0.001,1
0.11,0.21283884,0.3569224,-0.8537999,0.018,0
0.11,0.216833568,0.3569222,-0.853793,0,0
0.13,0.145269132,0.3567944,-0.8538917,0.036,1
0.13,0.147217894,0.3567917,-0.8538861,0,0
0.02,0.069009501,0.3616167,-0.8452639,0,0
0.02,0.065158689,0.3616194,-0.84525,0,0
0.02,0.032989648,0.3616855,-0.8450201,0.001,1
0.02,0.033141276,0.361686,-0.8450245,0,0
0.02,0.03195672,0.3616834,-0.8450006,0,0
0.02,0.034194642,0.3616494,-0.845003,0,1
0.02,0.033466411,0.3616531,-0.8449966,0,0
0.02,0.033289132,0.3616527,-0.8449939,0,0
0.02,0.027673614,0.361722,-0.8448129,0.005,1
0.02,0.027694431,0.3617198,-0.8448198,0,0
0.02,0.027707255,0.3617121,-0.8448335,0,0
0.02,0.027515703,0.3617056,-0.8448099,0,1
0.02,0.02750361,0.3617012,-0.8448148,0,0
0.02,0.027506745,0.3616939,-0.844826,0,0
0.02,0.027335125,0.3616846,-0.8448116,0.008,1
0.02,0.027342427,0.3616819,-0.8448168,0,0
0.02,0.027349204,0.3616764,-0.8448267,0,0
0.03,0.127739108,0.3615148,-0.845355,0.021,1
0.03,0.125922906,0.3615151,-0.845348,0,0
0.03,0.12632339,0.361516,-0.845352,0,0
0.02,0.026940349,0.3616635,-0.8447854,0,0
0.02,0.026758638,0.3616521,-0.8447813,0,0
0.01,0.026306581,0.3615806,-0.844631,0,0
0.01,0.026559678,0.3615981,-0.8446137,0,0
0.02,0.025874043,0.3616337,-0.8446579,0,0
0.02,0.026106945,0.3616403,-0.8446483,0,0
0.01,0.026174381,0.3616043,-0.8446383,0,0
0.02,0.026502767,0.3616155,-0.8446247,0,0
0.03,0.111350632,0.3615742,-0.8453841,0,0
0.03,0.11138798,0.3615736,-0.8453825,0,0
0.03,0.108589435,0.3615865,-0.845403,0,0
0.03,0.104508293,0.3615953,-0.8454034,0,0
0.03,0.109016359,0.3615945,-0.8454255,0,0
0.03,0.109016359,0.3616046,-0.8454269,0,0
0.02,0.072917616,0.3615972,-0.8452528,0,0
0.02,0.069382954,0.3616,-0.8452389,0,0
0.01,0.035083526,0.3614855,-0.8445556,0.01,1
0.01,0.034545964,0.3614903,-0.844555,0,0
0.01,0.03355813,0.3615015,-0.8445573,0,0
0.01,0.036177939,0.3614761,-0.8445632,0.027,1
0.01,0.035664943,0.3614793,-0.8445674,0,0
0.01,0.034068164,0.3614894,-0.8445804,0,0
0.01,0.115366447,0.3613834,-0.8446132,0,0
0.01,0.193746567,0.3613621,-0.8446026,0.043,1
0.01,0.155356812,0.3613676,-0.8446188,0,0
0.01,0.251637673,0.3613457,-0.8445911,0.017,1
0.01,0.25113318,0.3613464,-0.8445872,0,0
0.01,0.253066897,0.3613491,-0.8445741,0,0
0.01,0.285181618,0.3613317,-0.8445908,0.023,1
0.01,0.288549566,0.3613315,-0.8445872,0,0
0.01,0.291678452,0.3613335,-0.8445719,0,0
0.01,0.05422526,0.3613639,-0.8449628,0.123,1
0.01,0.056810743,0.361358,-0.8449632,0,0
0.01,0.058331656,0.36135,-0.8449556,0,0
0.01,0.043969393,0.3613789,-0.8449296,0,0
0.01,0.044274732,0.3613686,-0.8449227,0,0
0.01,0.033633214,0.3614864,-0.8447772,0,0
0.01,0.045010772,0.3613959,-0.8449227,0.194,1
0.01,0.044734922,0.3613931,-0.8449197,0,0
0.01,0.043028617,0.3613801,-0.8449084,0.002,0
0.01,0.037463793,0.3614536,-0.8448026,0.044,1
0.01,0.038011727,0.3614388,-0.8447916,0,0
0.01,0.04166857,0.3614206,-0.8448282,0.078,1
0.01,0.041515708,0.3614185,-0.8448246,0,0
0.01,0.041809329,0.3614175,-0.8448273,0,0
0.01,0.035605842,0.3614589,-0.8447836,0.126,1
0.01,0.036069438,0.361456,-0.8447873,0,0
0.01,0.036364353,0.3614552,-0.84479,0,0
0.01,0.033880389,0.3614939,-0.8447948,0,0
0.02,0.03661834,0.3615036,-0.8448504,0.065,1
0.02,0.036877248,0.3614987,-0.8448496,0,0
0.01,0.097178149,0.3613998,-0.8445869,0.024,1
0.01,0.098352253,0.3613984,-0.8445905,0,0
0.01,0.087616414,0.3613987,-0.8446059,0,0
0.01,0.075301874,0.3614108,-0.8445866,0.018,1
0.01,0.076171303,0.3614085,-0.8445928,0,0
0.01,0.067218727,0.3614111,-0.844606,0,0
0.01,0.054365265,0.36143,-0.8445859,0.041,1
0.01,0.054954267,0.3614283,-0.8445908,0,0
0.01,0.05266633,0.361429,-0.8446053,0,0
0.01,0.035320881,0.3614919,-0.8445095,0,1
0.01,0.034651223,0.3614963,-0.8445136,0,0
0.01,0.033605251,0.3615071,-0.8445229,0,0
0,5.68460083,0.3947277,-0.7749445,0.345,1
0,5.593018723,0.3947303,-0.7749482,0,0
0,5.410925293,0.3947359,-0.7749541,0,0
0,7.107494354,0.3946928,-0.7748841,0.002,0
0,4.132447052,0.3948239,-0.7748859,0.166,1
0,4.116516876,0.3948254,-0.774883,0,0
0,4.195290375,0.3948287,-0.7748685,0,0
0,3.307255173,0.3948684,-0.7748933,0.109,1
0,3.373418427,0.3948674,-0.774888,0,0
0,3.569234848,0.3948677,-0.7748707,0,0
0,3.111950111,0.3948994,-0.7748694,0.134,1
0,3.170341682,0.3948946,-0.7748685,0,0
0,3.409224319,0.3948844,-0.7748564,0,0
0,2.744756126,0.3948803,-0.7749505,0.247,1
0,2.856604004,0.3948759,-0.7749484,0,0
0,3.126685333,0.3948656,-0.77494,0,0
0,4.991981125,0.3947606,-0.7749341,0.413,1
0,4.947571945,0.3947607,-0.7749377,0,0
0,4.871696472,0.3947578,-0.7749486,0,0
0.01,0.409135723,0.3848221,-0.7869209,0,0
0,0.418115139,0.3849105,-0.7869668,0.075,1
0,0.421743917,0.3849153,-0.7869626,0,0
0,0.426469898,0.3849189,-0.7869932,0.207,1
0,0.430326128,0.3849233,-0.7869888,0,0
0,0.441808319,0.384934,-0.7869789,0,0
0,0.484360123,0.385356,-0.786725,0.01,1
0,0.484081364,0.3853508,-0.7867016,0,0
0,0.465228987,0.385377,-0.7867089,0.039,1
0,0.465537691,0.3853738,-0.786705,0,0
0,0.47037344,0.3853682,-0.7866903,0,0
0,0.452543736,0.3853931,-0.7866933,0.013,1
0,0.466572571,0.3853886,-0.7866688,0,0
0,0.436188936,0.3854359,-0.7866786,0.069,1
0,0.437461376,0.3854325,-0.7866727,0,0
0,0.422717953,0.3854581,-0.786673,0.028,1
0,0.423631191,0.3854565,-0.786666,0.004,0
0,0.429123688,0.3854501,-0.7866593,0,0
0.01,0.441171551,0.3847423,-0.7869016,0.029,1
0.01,0.444498539,0.3847462,-0.7868996,0,0
0.01,0.441171551,0.3847601,-0.7868956,0,0
0,0.419527149,0.3854771,-0.7866586,0.014,1
0,0.421986151,0.3854753,-0.7866553,0,0
0,0.431611013,0.3854703,-0.7866373,0,0
0,0.415448713,0.3855124,-0.7866371,0.008,1
0,0.423485804,0.3855079,-0.7866148,0,0
0,0.510693645,0.3853232,-0.7867421,0.02,1
0,0.510087204,0.3853188,-0.7867389,0.001,0
0,0.508545065,0.3853091,-0.7867301,0,0
0,0.495452642,0.3853395,-0.7867321,0.011,1
0,0.412329531,0.3855442,-0.7865874,0.091,1
0,0.415969896,0.3855413,-0.7865819,0,0
0,0.423203754,0.385537,-0.7865671,0,0
0.01,0.407699394,0.3847667,-0.7869283,0.032,1
0.01,0.406141424,0.3847722,-0.7869292,0,0
0.01,0.41370182,0.3847857,-0.7869232,0,0
0,0.376117229,0.3848021,-0.786994,0.05,1
0,0.374502349,0.3848076,-0.786994,0,0
0,0.348321295,0.384777,-0.787046,0.059,1
0,0.353158736,0.3847753,-0.7870396,0,0
0,0.33718226,0.3847259,-0.7871085,0.004,1
0,0.342434263,0.3847192,-0.787118,0,0
0,0.336139989,0.3847723,-0.7871033,0.048,1
0.01,0.336680317,0.3847479,-0.7871437,0.063,1
0.01,0.336805224,0.3847458,-0.7871448,0,0
0.01,0.336387348,0.3847413,-0.7871478,0,0
0,58.53040772,0.3898095,-0.7690057,0.207,1
0,58.19447632,0.3898158,-0.7690047,0.002,0
0,57.5821106,0.3898186,-0.7689975,0,0
0,64.77871094,0.3897785,-0.769098,0,0
0,65.44215698,0.3897734,-0.7691108,0,0
0,65.28501587,0.3897586,-0.7691029,0,0
0,65.4137207,0.3897684,-0.7691066,0,0
0,64.33654785,0.3897606,-0.7690656,0,0
0,63.12924194,0.3897685,-0.7690507,0,0
0,63.82453003,0.389753,-0.7690426,0.001,0
0,64.19832764,0.3897495,-0.7690489,0,0
0,65.51165772,0.3897506,-0.7691148,0.203,1
0,65.56248779,0.3897477,-0.7691116,0,0
0,65.57583618,0.3897446,-0.7691055,0,0
0,51.48775024,0.389882,-0.7689539,0.006,0
0,51.62681274,0.3898788,-0.7689523,0,0
0,52.40958252,0.389887,-0.7690058,0.5,1
0,52.15797119,0.3898867,-0.7689998,0,0
0,52.04705811,0.3898864,-0.7689938,0.001,0
0,53.48966065,0.3898727,-0.7690016,0.393,1
0,53.1274353,0.3898739,-0.768996,0,0
0,52.83850708,0.3898746,-0.7689903,0.001,0
0,54.09677124,0.3898633,-0.7689954,0.001,0
0,53.84862671,0.3898637,-0.7689895,0,0
0,53.82778931,0.3898606,-0.7689837,0.239,1
0,53.21838989,0.3898629,-0.7689714,0.001,0
0,53.58139648,0.3898472,-0.7689608,0,0
0,55.4567688,0.3898525,-0.769001,0.03,0
0,54.76221314,0.3898439,-0.7689816,0,0
0,2.110918236,0.3931742,-0.7769647,0,1
0,1.987592125,0.3931677,-0.7769489,0,0
0,1.968355751,0.3931575,-0.776916,0,1
0,1.978557587,0.3931725,-0.7769151,0,0
0,2.77075634,0.3931847,-0.777271,0.001,0
0,2.806329918,0.3931898,-0.7772806,0,0
0,2.933493423,0.393311,-0.7772681,0,0
0,2.933237839,0.3933322,-0.7772614,0,0
0,2.862297249,0.3933355,-0.7772294,0,0
0,2.8454422,0.393349,-0.7772081,0.807,1
0,2.868255424,0.3933524,-0.777216,0,0
0,2.773685455,0.3933,-0.7772167,0,0
0,2.727436447,0.3932944,-0.7772028,0,0
0,2.764768791,0.3933306,-0.7771917,0,0
0,2.738140106,0.393325,-0.7771889,0,0
0,2.833024979,0.3933633,-0.7771838,0,0
0,2.789035606,0.3933608,-0.7771651,0,0
0,2.902217102,0.3933879,-0.7772152,0,0
0,2.871339035,0.3933974,-0.777168,0,0
0,2.842445374,0.3933924,-0.7771514,0,0
0,2.886942291,0.393416,-0.7771701,0.163,1
0,2.924571228,0.393428,-0.777191,0,0
0,0.098415542,0.374769,-0.7959905,0.019,1
0,0.097044444,0.3747748,-0.7959877,0,0
0,0.093912339,0.3747895,-0.7959792,0,0
0,0.105124772,0.3747739,-0.7960753,0,0
0,0.106510758,0.3747607,-0.7960675,0,0
0,0.10193423,0.3748061,-0.796092,0,0
0,0.118685949,0.374777,-0.796119,0,0
0,0.118501651,0.3747895,-0.7961285,0,0
0,0.143706322,0.3747584,-0.7962079,0.012,1
0,0.142458081,0.3747614,-0.7962057,0,0
0,0.139956963,0.3747865,-0.796228,0.002,1
0,0.138138068,0.3747907,-0.7962242,0,0
0,0.133957732,0.3747994,-0.7962138,0,0
0,0.14440695,0.3747976,-0.7962458,0.003,1
0,0.143574321,0.3748047,-0.7962455,0,0
0,0.170167077,0.3747855,-0.7962863,0.022,1
0,0.172748518,0.3747902,-0.7962907,0,0
0,0.033081535,0.3752507,-0.7954212,0.425,1
0,0.033019096,0.3752501,-0.7954268,0,0
0,0.033011031,0.375249,-0.7954437,0,0
0,0.036150876,0.3752863,-0.7954679,0.472,1
0,0.034688687,0.3752684,-0.7954649,0,0
0,0.036898562,0.3752935,-0.7954973,0.466,1
0,0.036545041,0.3752891,-0.7954987,0,0
0,0.035495743,0.3752758,-0.7955023,0,0
0,0.033488405,0.3752506,-0.7955214,0.114,1
0,0.033741882,0.3752511,-0.7955158,0,0
0,0.033985412,0.3752539,-0.7954992,0,0
0,0.110041606,0.3748677,-0.7956576,0,1
0.01,0.488986111,0.3751645,-0.7962749,0.012,1
0.01,0.45870409,0.3751669,-0.7962706,0,0
0.01,0.385808563,0.3751679,-0.7962603,0,0
0.01,0.787311602,0.3750869,-0.7963993,0.001,1
0.01,0.696332884,0.3751588,-0.796338,0.01,1
0.01,0.709135056,0.3751646,-0.7963416,0,0
0,0.110001898,0.3747725,-0.7958069,0.709,1
0,0.109747696,0.3747742,-0.7958067,0.002,0
0,0.08555032,0.3749463,-0.7955404,0.005,1
0,0.08662253,0.3749434,-0.7955455,0,0
0,0.089725721,0.3749345,-0.7955574,0,0
0,0.085339445,0.3749623,-0.7955645,0.008,1
0,0.087224203,0.3749654,-0.7955762,0,0
0,0.084183896,0.3749789,-0.7955785,0,0
0,0.102146673,0.3749571,-0.7956764,0.011,1
0,0.101111221,0.3749622,-0.7956758,0,0
0.08,1.771549225,0.3606061,-0.8455864,0,0
0.09,1.799624825,0.3606143,-0.845582,0,0
0.08,1.809001541,0.3606063,-0.8456139,0.002,1
0.08,1.847644424,0.3606053,-0.8456391,0.016,1
0.08,1.975343513,0.3606259,-0.8456379,0,0
0.08,1.943791199,0.3606049,-0.8457389,0.025,1
0.08,1.973229218,0.3606103,-0.8457385,0,0
0.06,1.253210926,0.3604866,-0.8457053,0.004,1
0.06,1.244212246,0.3604866,-0.8457119,0,0
0.06,1.263623905,0.3604875,-0.8457033,0.015,1
0.07,1.320175457,0.3604995,-0.8456976,0,0
0.07,1.297758007,0.3605023,-0.8457138,0,0
0.07,1.488729572,0.3605404,-0.8456993,0.012,1
0.07,1.422657967,0.3605342,-0.8457211,0,0
0.07,1.316201687,0.3604295,-0.845483,0.033,1
0.06,1.07440815,0.3604805,-0.8458107,0.009,1
0.06,1.108184814,0.3604765,-0.8457853,0,0
0.06,1.143772221,0.3604969,-0.845805,0.021,1
0.06,1.146121502,0.3604935,-0.8457954,0,0
0.06,1.184886551,0.3604986,-0.8457796,0,0
0.06,1.224428082,0.3605147,-0.84579,0.001,1
0.07,1.225180244,0.360515,-0.8457868,0,0
0.06,1.222128963,0.3604562,-0.8456482,0,1
0.06,1.163109303,0.360439,-0.8456431,0.002,0
0.07,1.562340355,0.360501,-0.8454892,0.062,1
0.07,1.56461401,0.360502,-0.8454876,0,0
0.08,1.574392891,0.3605051,-0.845478,0.001,0
0.07,1.511250496,0.3604808,-0.8454858,0.06,1
0.07,1.514101601,0.3604812,-0.8454819,0.003,0
0.08,1.523726559,0.3604838,-0.8454756,0,0
0.07,1.555680084,0.3605492,-0.8456693,0.009,1
0.07,1.568544197,0.3605513,-0.845665,0,0
0.07,1.601017761,0.3605573,-0.8456556,0,0
0.07,1.359466553,0.3604725,-0.8456043,0.017,1
0.07,1.353525925,0.3604722,-0.8456052,0,0
0.07,1.289611912,0.3604557,-0.8455939,0,0
0.08,1.676396942,0.3605691,-0.8455375,0.009,1
0.08,1.667126274,0.3605639,-0.8455376,0,0
0.08,1.643502617,0.3605513,-0.845546,0,0
0.01,6.298476028,0.3863024,-0.7718732,0,1
0.01,6.311201859,0.3863017,-0.771868,0,0
0.01,6.238490677,0.3863105,-0.7718514,0,0
0.01,6.528593445,0.3862823,-0.7719155,0.002,1
0.01,6.472111511,0.386287,-0.7719112,0,0
0.01,6.417530823,0.3862925,-0.7718978,0,0
0.01,6.44992981,0.3862645,-0.7718977,0.034,1
0.01,6.468226624,0.3862678,-0.7718909,0,0
0.01,6.504789734,0.3862737,-0.771876,0,0
0.01,6.415984344,0.3862725,-0.7717912,0.007,1
0.01,6.396636963,0.3862783,-0.7717944,0,0
0.01,6.375943756,0.3862917,-0.7717941,0,0
0.01,6.380963516,0.3863034,-0.7717549,0,1
0.01,6.370091629,0.3863046,-0.7717619,0,0
0.01,6.361659622,0.3863043,-0.7717794,0,0
0.01,6.25611763,0.3863401,-0.7717508,0,0
0.01,6.264771271,0.3863346,-0.7717658,0,0
0.01,5.619197083,0.386392,-0.771685,0.009,1
0.01,5.386071014,0.3863949,-0.7716913,0,0
0.01,5.19740448,0.3863945,-0.7717066,0,0
0.01,4.087778854,0.3864215,-0.7716888,0.014,1
0.01,3.963053894,0.3864216,-0.7716975,0,0
0.01,4.373694229,0.3864099,-0.7717091,0,0
0.01,3.561661148,0.3864392,-0.7716615,0.412,1
0.01,3.490247345,0.3864397,-0.7716672,0.001,0
0.01,3.300085068,0.3864404,-0.7716846,0,0
0.01,3.021865463,0.3864579,-0.7716532,0.293,1
0.01,3.052538872,0.3864582,-0.771647,0,0
0.01,2.477004242,0.3864813,-0.7716092,0,0
0.01,3.327872849,0.3864607,-0.7715847,0.002,1
0.01,2.929068947,0.3864717,-0.7715903,0,0
0.01,2.611917114,0.3864817,-0.7715782,0,0
0.01,3.00591526,0.3864727,-0.7715469,0,0
0.01,2.499118614,0.3864858,-0.7715532,0,0
0.01,3.651841736,0.3864573,-0.7715168,0.001,1
0.01,3.691942978,0.3864533,-0.7715258,0,0
0.01,3.955265808,0.3864408,-0.7715295,0,0
0.01,3.265011215,0.3864423,-0.7718082,0,0
0.01,3.372066879,0.3864322,-0.7718047,0,0
0.01,4.189551163,0.386427,-0.7718682,0.544,1
0.01,4.160343933,0.386423,-0.7718631,0.001,0
0.01,4.198300552,0.3864149,-0.7718537,0,0
0.01,4.83561058,0.3864526,-0.7719384,0.264,1
0.01,4.648571396,0.3864666,-0.7719321,0,0
0.01,4.491216278,0.386442,-0.7718967,0.683,1
0.01,4.520563126,0.3864593,-0.7718937,0,0
0.01,8.105220795,0.3862982,-0.7719996,0,1
0.01,8.445152283,0.3862955,-0.7720042,0,0
0.01,9.831131744,0.3862891,-0.7720197,0,0
0.01,13.44891663,0.3863512,-0.7720687,0.083,1
0.01,13.51609497,0.3863554,-0.7720695,0.001,0
0.01,13.39078064,0.3863637,-0.7720691,0,0
0.01,3.928757858,0.3864753,-0.7718619,0.388,1
0.01,3.912734222,0.3864741,-0.7718603,0,0
0.01,3.323960114,0.3864848,-0.7718296,0,0
0.01,5.667844391,0.3863239,-0.771909,0,1
0.01,5.572291565,0.3863281,-0.7719071,0,0
0.01,5.402711868,0.3863388,-0.7718998,0,0
0.04,1.409377003,0.3535963,-0.8009196,0.358,1
0.04,1.418671417,0.3535963,-0.800925,0.002,0
0.04,1.443589497,0.3535935,-0.8009422,0,0
0.04,1.611169815,0.3535582,-0.8009753,0.162,1
0.04,1.611015129,0.3535646,-0.8009802,0,0
0.04,1.597856808,0.3535758,-0.8009863,0,0
0.04,1.5760952,0.3535629,-0.8009646,0.2,1
0.04,1.492218781,0.3535725,-0.800949,0,0
0.04,1.5026474,0.3535818,-0.8009551,0,0
0.04,1.288572693,0.3534415,-0.8008137,0,0
0.04,1.309255505,0.3534576,-0.8008256,0,0
0.04,1.301004601,0.3534275,-0.8008236,0.151,1
0.04,1.310904503,0.3534292,-0.8008331,0,0
0.04,1.217820549,0.3535297,-0.800794,0.006,1
0.04,1.204180527,0.3535305,-0.8007864,0,0
0.04,1.176704788,0.353537,-0.8007734,0,0
0.04,1.193764114,0.3535153,-0.8007778,0,1
0.04,1.181022358,0.3535175,-0.8007706,0,0
0.04,1.154864216,0.3535232,-0.8007565,0,0
0.03,0.678391552,0.353689,-0.8006227,0.221,1
0.03,0.703205872,0.3536816,-0.8006238,0.001,0
0.03,0.731042814,0.353671,-0.8006255,0,0
0.03,0.849390507,0.3538305,-0.8006905,0.473,1
0.03,0.839317513,0.3538365,-0.8006859,0,0
0.04,1.056387615,0.3535994,-0.8007432,0.151,1
0.04,1.06502018,0.3536029,-0.8007501,0,0
0.04,1.087956142,0.353607,-0.8007634,0,0
0.03,0.620043802,0.3536958,-0.8005936,0.175,1
0.03,0.633725691,0.3536914,-0.8005935,0.002,0
0.03,0.671425819,0.3536791,-0.8005954,0,0
0.03,0.602834129,0.3537749,-0.8006499,0,1
0.03,0.628355837,0.3537598,-0.8006603,0,0
0.04,1.282131863,0.3537786,-0.8008579,0.034,1
0.04,1.270136642,0.3537736,-0.8008569,0,0
0.03,0.902101707,0.3538359,-0.8007286,0,0
0.03,0.935675335,0.3538187,-0.8007336,0,0
0.03,0.827759457,0.3538642,-0.8006875,0,1
0.03,0.836160755,0.3538914,-0.8007038,0,0
0.03,0.593165207,0.3537187,-0.8006359,0,0
0.03,0.570642567,0.3537178,-0.8006163,0.005,0
0.04,1.383202267,0.3537763,-0.8008862,0.149,1
0.04,1.377456284,0.3537698,-0.8008845,0,0
0.04,1.35639677,0.3537564,-0.8008836,0,0
0.04,1.480402851,0.3537415,-0.8009266,0.126,1
0.04,1.492379951,0.3537462,-0.8009321,0,0
0.04,1.525659752,0.3537547,-0.8009448,0,0
0.04,1.457873535,0.3537591,-0.800912,0.189,1
0.04,1.4804842,0.3537634,-0.8009194,0,0
0.04,1.497820663,0.3537711,-0.8009308,0,0
0.01,7.140283966,0.3858461,-0.7738392,0.262,1
0.01,6.885453033,0.3858413,-0.7738414,0,0
0.01,6.539167023,0.3858282,-0.773839,0,0
0.01,5.483163071,0.3858323,-0.7738753,0.299,1
0.01,5.374110413,0.3858274,-0.773874,0.002,0
0.01,5.529567337,0.3858169,-0.7738595,0,0
0.01,2.178735161,0.3857941,-0.7739651,0.245,1
0.01,2.304389763,0.3857909,-0.7739582,0,0
0.01,2.612669563,0.3857835,-0.7739405,0,0
0.01,1.436632156,0.3857344,-0.7739364,0.322,1
0.01,1.292747402,0.3857436,-0.7739541,0,0
0.01,1.780828285,0.3857564,-0.7739453,0,0
0.01,2.883822632,0.3857352,-0.7738831,0.328,1
0.01,2.87111454,0.3857398,-0.7738879,0,0
0.01,2.956845665,0.385752,-0.7738941,0,0
0.01,4.014258194,0.3857528,-0.7738532,0.28,1
0.01,4.005783081,0.3857556,-0.7738566,0,0
0.01,3.73328476,0.3857607,-0.7738721,0,0
0.01,0.356101727,0.3857458,-0.7740508,0.234,1
0.01,0.416000652,0.3857498,-0.7740486,0,0
0.01,0.581151819,0.3857605,-0.7740421,0,0
0.01,0.515534115,0.3857697,-0.7740806,0.291,1
0.01,0.543521166,0.3857696,-0.7740753,0,0
0.01,0.690075636,0.3857747,-0.7740609,0,0
0.01,0.545510721,0.3857805,-0.7741029,0.214,1
0.01,1.228564644,0.3859164,-0.7742374,0.102,1
0.02,0.561903906,0.3859151,-0.7743317,0,0
0.01,1.345955944,0.3859166,-0.7742137,0,0
0.01,1.696878242,0.3859466,-0.7742125,0.084,1
0.01,1.698466492,0.3859446,-0.7742085,0,0
0.01,1.612331581,0.3859328,-0.7742008,0,0
0.02,5.508456421,0.3860688,-0.7741058,0.094,1
0.02,5.408164597,0.3860709,-0.7741119,0,0
0.02,5.550695419,0.3860833,-0.774118,0,0
0.02,6.954673004,0.3860529,-0.7740372,0.136,1
0.02,8.030792999,0.3860881,-0.774035,0,0
0.02,8.597362518,0.3860972,-0.7740227,0.001,0
0.02,7.240383148,0.3860512,-0.7740245,0.234,1
0.02,7.452576447,0.3860517,-0.7740179,0,0
0.02,7.693431091,0.3860463,-0.7740025,0,0
0.02,5.895132065,0.3860502,-0.774072,0.258,1
0.02,5.830780029,0.3860473,-0.7740722,0,0
0.02,5.297097015,0.386033,-0.774078,0,0
0.01,4.728620148,0.3859603,-0.774022,0.128,1
0.01,4.69456749,0.3859565,-0.7740192,0,0
0.01,4.575327682,0.3859451,-0.774013,0,0
0.01,5.811092758,0.385957,-0.7739738,0.116,1
0.01,5.725540924,0.3859551,-0.7739754,0,0
0.01,5.177320862,0.3859405,-0.7739825,0,0
0.01,6.247743988,0.3859392,-0.7739402,0.144,1
0.01,6.032940292,0.3859355,-0.7739438,0,0
0.01,5.615523911,0.3859223,-0.7739472,0,0
0.02,1.199555874,0.3855131,-0.7739333,0.068,1
0.01,1.006062794,0.3855195,-0.7739408,0,0
0.01,0.813967419,0.3855291,-0.7739477,0,0
0.02,0.183176959,0.3855105,-0.7740085,0.093,1
0.02,0.194067991,0.3855113,-0.7740047,0,0
0.02,0.284825516,0.3855147,-0.773986,0,0
0.02,0,0.3855669,-0.773983,0.01,1
0.02,0.127950311,0.3855705,-0.7739974,0,0
0.02,0.113361132,0.3855695,-0.7740139,0,0
0.01,9.111968994,0.3857331,-0.7737214,0,0
0.01,9.633783722,0.3857467,-0.7737137,0.001,0
0.01,9.246903992,0.3858124,-0.7737596,0.001,0
0.01,9.530396271,0.3858012,-0.7737495,0,0
0.01,16.52059479,0.3858717,-0.7736323,0,0
0.01,16.16024933,0.3858587,-0.7736332,0.001,0
0.02,16.16072998,0.3856716,-0.7734708,0.811,1
0.02,16.3005127,0.385671,-0.7734673,0,0
0.02,16.68087616,0.3856692,-0.7734515,0,0
0,140.9245972,0.3897339,-0.7704969,0,0
0,141.5276978,0.3897313,-0.7704927,0,0
0,143.6242676,0.3897168,-0.7705106,0,0
0,144.7875244,0.3897129,-0.7705087,0,0
0,143.7700195,0.3897186,-0.7704964,0,0
0,145.8711914,0.389712,-0.7704948,0.002,0
0,145.1209351,0.3897167,-0.7704835,0,0
0,146.5186157,0.3897124,-0.7704821,0,0
0,153.9749634,0.3896884,-0.7704996,0.358,1
0,152.5282349,0.3896915,-0.7705064,0,0
0,151.282605,0.3896936,-0.7705108,0.001,0
0,153.5431274,0.3896924,-0.7704856,0.376,1
0,155.8630859,0.3896858,-0.7704853,0,0
0,157.2284302,0.3896807,-0.7704853,0,0
0,163.7893677,0.3896518,-0.7705084,0.074,1
0,161.7804565,0.3896577,-0.7705087,0,0
0,161.790271,0.38966,-0.7705029,0,0
0,163.9757446,0.389652,-0.7704945,1.338,1
0,163.1649048,0.3896557,-0.770494,0,0
0,162.2218384,0.3896604,-0.7704941,0,0
0,171.3058228,0.3896238,-0.7704882,0.639,1
0,169.5854492,0.3896321,-0.7704836,0,0
0,119.2614746,0.3898382,-0.7705021,0,0
0,118.5507202,0.3898427,-0.770504,0,0
0,177.0459351,0.3895982,-0.7704963,0.003,0
0,176.7567383,0.3895984,-0.7705023,0.003,0
0,179.0739868,0.3895873,-0.7704728,0.005,0
0,179.4805908,0.3895837,-0.7704711,0.002,0
0,181.0047974,0.3895726,-0.7704842,0.488,1
0,181.3697876,0.3895693,-0.7704847,0.014,0
0,182.0219727,0.3895664,-0.7704823,0,0
0,184.3059937,0.3895626,-0.7704591,0,0
0,184.2852539,0.3895641,-0.7704547,0.011,0
0,186.6694336,0.3895507,-0.7704579,0.269,1
0,186.3750366,0.3895534,-0.7704534,0,0
0,186.0265137,0.3895554,-0.7704486,0.002,0
0,179.9805054,0.3895426,-0.7705321,0.002,0
0,178.9041748,0.3895456,-0.7705373,0.001,0
0,121.157605,0.3898188,-0.7704972,0.011,1
0,120.8138306,0.3898218,-0.7704989,0.002,0
0,120.367981,0.3898267,-0.7705032,0,0
0,136.5005005,0.3897642,-0.7704456,0.003,0
0,137.2894165,0.3897608,-0.7704436,0.006,0
0,138.6065674,0.3897514,-0.7704697,0,0
0,140.4411377,0.3897434,-0.7704658,0,0
0,0.141204691,0.3820291,-0.7876128,0.153,1
0,0.137617493,0.3820266,-0.787608,0,0
0,0.111889303,0.3820369,-0.7875613,0.127,1
0,0.112793601,0.3820325,-0.7875626,0,0
0,0.11515882,0.3820193,-0.7875663,0,0
0,0.094831806,0.3820732,-0.787537,0,0
0,0.087066805,0.3820788,-0.7875215,0,0
0,0.157367408,0.3823057,-0.7875316,0.086,1
0,0.16097368,0.3823034,-0.7875375,0,0
0,0.173832488,0.3822977,-0.787554,0,0
0,0.183591425,0.3823352,-0.7875414,0.107,1
0,0.17759254,0.3823352,-0.7875359,0,0
0,0.330303693,0.3823808,-0.7875781,0.167,1
0,0.497895098,0.382412,-0.7876286,0.089,1
0,0.52114501,0.3824146,-0.7876385,0,0
0.01,1.400434399,0.3825151,-0.7876952,0.233,1
0.01,1.682386017,0.3825472,-0.7877064,0.198,1
0.01,1.716094017,0.3825454,-0.7877117,0,0
0,0.054829061,0.3822748,-0.7871842,0,0
0,0.055709904,0.3822651,-0.7871958,0,0
0,0.063070041,0.3822787,-0.7871249,0,0
0,0.067705971,0.3822668,-0.7871191,0,0
0,0.070657027,0.3822766,-0.7870869,0,0
0,0.075678128,0.382263,-0.7870869,0,0
0,0.074044144,0.3822872,-0.7870564,0,0
0,0.078949946,0.3822742,-0.7870563,0,0
0,0.071350664,0.3826499,-0.7866329,0.017,1
0,0.071930724,0.3826533,-0.7866285,0,0
0,0.061689389,0.3826608,-0.7866628,0.025,1
0,0.062278563,0.3826634,-0.7866583,0,0
0,0.063116622,0.3826756,-0.7866478,0,0
0,0.021246761,0.3827038,-0.7868057,0.048,1
0,0.021770811,0.3826989,-0.7868073,0,0
0,0.023341611,0.3826858,-0.7868076,0,0
0,0.010751489,0.3827124,-0.7868771,0.011,1
0,0.010097446,0.3827016,-0.7868975,0,0
0,0.273023438,0.3830265,-0.7868784,0,0
0,0.164622343,0.3829812,-0.7867473,0.051,1
0,0.170573282,0.3829848,-0.7867538,0,0
0,0.183543849,0.3829926,-0.7867652,0,0
0,0.164218581,0.3830082,-0.7866729,0,0
0,0.185958588,0.3819919,-0.787649,0.091,1
0,0.1733055,0.3819889,-0.7876445,0,0
0,0.6486444,0.3454488,-0.80059,0,1
0,0.643511391,0.3454518,-0.800595,0,0
0,0.623398781,0.3454676,-0.800601,0,0
0,0.636436701,0.3454616,-0.8005688,0.006,1
0,0.640959263,0.3454585,-0.8005653,0,0
0,0.655138111,0.345447,-0.8005549,0,0
0,0.623153448,0.3454786,-0.8005431,0,1
0,0.620087385,0.3454788,-0.8005512,0,0
0,0.617655611,0.3454811,-0.8005531,0,0
0,0.603693962,0.3454994,-0.8005099,0,1
0,0.599109125,0.3455036,-0.8005108,0,0
0,0.538641024,0.3455722,-0.8004472,0,1
0,0.539337921,0.3455703,-0.80045,0,0
0,0.54695015,0.3455595,-0.8004281,0.002,1
0,0.549463463,0.3455542,-0.8004294,0,0
0,0.55831213,0.3455399,-0.8004285,0,0
0,0.554031563,0.3455509,-0.8003771,0,1
0,0.558601332,0.3455427,-0.8003786,0,0
0,0.571519375,0.3455306,-0.800385,0,0
0.01,0.595392132,0.3455145,-0.8003024,0,1
0.01,0.591023636,0.345518,-0.8002979,0,0
0.01,0.578926945,0.3455273,-0.8002868,0,0
0.01,0.224415398,0.3458052,-0.7998019,0,1
0.01,0.218967319,0.3458089,-0.7997974,0,0
0.01,0.134777629,0.3454665,-0.7995325,0.006,1
0.01,0.135903382,0.345462,-0.7995349,0,0
0.01,0.138597441,0.3454501,-0.799543,0,0
0.02,0.157745743,0.3455932,-0.7994056,0,0
0.02,0.166082394,0.3456032,-0.7993944,0,0
0.01,0.13923409,0.3454545,-0.7995122,0,1
0.01,0.140217507,0.3454499,-0.7995158,0,0
0.01,0.142856133,0.3454391,-0.7995225,0,0
0.02,0.167564464,0.3455754,-0.7993854,0.089,1
0.02,0.170317829,0.3455789,-0.7993824,0,0
0,0.191100156,0.3457964,-0.8012111,0.012,1
0,0.191767526,0.3457983,-0.8012052,0,0
0,0.194678128,0.3458015,-0.801189,0,0
0,0.190903926,0.3458177,-0.8012191,0.013,1
0,0.191586983,0.3458177,-0.8012132,0,0
0,0.195771587,0.3458201,-0.8011945,0,0
0.01,0.311820149,0.3455489,-0.7992112,0,0
0.01,0.311451864,0.3455299,-0.7992125,0.002,0
0,0.282201719,0.3455723,-0.8010571,0,1
0,0.465197659,0.345496,-0.8008771,0,1
0,0.478710079,0.3454972,-0.800867,0,0
0,0.494850254,0.3455105,-0.800853,0,0
0,0.493974876,0.3454859,-0.8008537,0.003,1
0,0.491999817,0.345464,-0.8008555,0,0
0,0.651719809,0.345439,-0.8006139,0,0
0,0.639590979,0.3454459,-0.8006293,0,0
0,0.080285335,0.3874981,-0.7827571,0.147,1
0,0.079990083,0.3874994,-0.7827597,0,0
0,0.076557893,0.3875006,-0.7827785,0,0
0,0.092061532,0.3874465,-0.7826952,0.271,1
0,0.098955846,0.3874447,-0.7826761,0,0
0,0.094858181,0.387447,-0.7826864,0,0
0,0.100004828,0.3874221,-0.7826897,0.471,1
0,0.100691164,0.3874185,-0.782689,0,0
0,0.104764152,0.3874044,-0.7826826,0,0
0,0.083188975,0.387391,-0.7827624,0,0
0,0.071942466,0.3875978,-0.7828905,0.003,1
0,0.068161482,0.3875879,-0.7829117,0,0
0,0.108705759,0.3876715,-0.782907,0,0
0,0.124853933,0.3876838,-0.7828642,0,0
0,0.12457701,0.3876788,-0.7828472,0,0
0,0.139859438,0.3877062,-0.7828756,0,0
0,0.141667008,0.3877249,-0.7829438,0.837,1
0,0.137801003,0.3877189,-0.7829401,0,0
0,0.110211384,0.3876918,-0.7830111,0.08,1
0,0.060662991,0.387575,-0.7830412,0.438,1
0,0.056054193,0.3875585,-0.7830546,0.109,1
0,0.056797165,0.3875614,-0.7830711,0,0
0,0.039479563,0.3871652,-0.783113,0.197,1
0,0.039177287,0.3871718,-0.7831131,0,0
0,0.039096352,0.3871853,-0.783113,0,0
0,0.046824887,0.3871374,-0.7830502,0.118,1
0,0.046907818,0.3871408,-0.7830461,0,0
0,0.048888022,0.3871391,-0.7830353,0,0
0,0.062738162,0.3870922,-0.7830126,0.095,1
0,0.063268548,0.3870903,-0.7830124,0,0
0,0.082182139,0.3870801,-0.7829528,0.156,1
0,0.081905186,0.3870792,-0.7829552,0,0
0,0.086536062,0.387094,-0.7829381,0,0
0,0.075733912,0.387456,-0.78277,0.195,1
0,0.075926799,0.387453,-0.7827685,0,0
0,0.077484608,0.3874405,-0.7827617,0,0
0,0.058453459,0.3874169,-0.7828538,0.219,1
0,0.059399128,0.3874141,-0.7828498,0,0
0,0.062929851,0.3874081,-0.7828339,0,0
0,0.059923774,0.3874858,-0.7828695,0.333,1
0,0.062501365,0.3874928,-0.7828481,0,0
0,0.054318672,0.3874455,-0.7828854,0.092,1
0,0.053162342,0.3874421,-0.7828899,0,0
0,0.106940103,0.3875492,-0.782651,0,0
0,0.109629548,0.38754,-0.7826337,0.286,0
0.04,0.225073886,0.3555157,-0.8172248,0,1
0.04,0.221880126,0.3555203,-0.8172252,0.001,0
0.04,0.213000655,0.3555336,-0.8172259,0,0
0.05,0.23498776,0.355544,-0.817304,0,1
0.05,0.237057137,0.355543,-0.8173086,0,0
0.05,0.240185046,0.3555448,-0.8173289,0,0
0.05,0.251723909,0.3555195,-0.8173136,0,1
0.05,0.254737687,0.3555172,-0.8173209,0,0
0.05,0.25695672,0.3555192,-0.8173373,0,0
0.05,0.306081438,0.3554324,-0.8172668,0,1
0.05,0.301248503,0.355439,-0.8172659,0.001,0
0.04,0.29385252,0.3554475,-0.8172534,0,0
0.05,0.30211072,0.3554401,-0.8173421,0.011,1
0.05,0.299760842,0.3554443,-0.817346,0,0
0.05,0.295196295,0.3554552,-0.817355,0.001,0
0.05,0.184186208,0.3555942,-0.8173009,0.005,1
0.05,0.183546805,0.3555944,-0.8172954,0,0
0.05,0.181811893,0.3555951,-0.8172786,0,0
0.02,0.070884818,0.3559974,-0.8172659,0.002,1
0.02,0.069903129,0.355996,-0.8172655,0,0
0.03,0.074849069,0.3559774,-0.8173108,0,0
0.03,0.068244278,0.3559633,-0.8173097,0,0
0.04,0.343218184,0.3554491,-0.8184251,0,1
0.04,0.346699643,0.3554528,-0.8184312,0,0
0.04,0.35349381,0.3554642,-0.8184414,0,0
0.02,0.069591349,0.3557144,-0.817094,0,1
0.02,0.069931602,0.3557124,-0.8170923,0,0
0.04,0.305693984,0.3553651,-0.8184296,0.031,1
0.04,0.305000305,0.3553653,-0.8184212,0,0
0.03,0.302650499,0.3553651,-0.8183945,0,0
0.04,0.311729145,0.3553994,-0.8184043,0,0
0.04,0.310666633,0.3553991,-0.8183871,0.014,0
0.04,0.32374661,0.3554204,-0.8184093,0.019,1
0.04,0.324570608,0.3554222,-0.8184038,0,0
0.04,0.325958848,0.3554295,-0.8183798,0,0
0.07,0.632487154,0.3560792,-0.8178626,0,0
0.07,0.660805035,0.3560888,-0.8178599,0.001,0
0.07,0.584097958,0.3560611,-0.8178449,0,0
0.07,0.581549358,0.3560612,-0.8178284,0,0
0.01,0.043354249,0.3557878,-0.8170705,0,1
0.01,0.045487192,0.3557774,-0.8170513,0,0
0.02,0.035879666,0.3558555,-0.8171425,0,0
0.02,0.037479025,0.3558539,-0.8171575,0,0
0.05,0.217173386,0.3559186,-0.8176892,0.004,1
0.05,0.214487362,0.3559141,-0.8176923,0,0
0.05,0.205476379,0.3559024,-0.8176938,0,0
0.05,0.271839452,0.3559608,-0.817686,0.084,1
0.05,0.267847705,0.3559613,-0.8176802,0,0
0.05,0.256147313,0.3559614,-0.8176653,0,0
0.05,0.223808551,0.3559019,-0.8177269,0,0
0.04,0.235518765,0.3555147,-0.817247,0,1
0.04,0.230124164,0.3555194,-0.8172473,0.001,0
0.04,0.215945387,0.3555327,-0.8172477,0,0
0,0.116558397,0.355887,-0.816584,0.032,1
0,0.118824983,0.3558866,-0.8165786,0,0
0.01,0.116381395,0.3560327,-0.8166244,0.073,1
0.01,0.116591251,0.3560307,-0.8166219,0,0
0.01,0.116838992,0.3560454,-0.8166421,0,0
0.02,0.238301587,0.3561707,-0.8165538,0.086,1
0.02,0.234745669,0.3561678,-0.8165481,0,0
0.02,0.236398911,0.3561692,-0.8165433,0,0
0.01,0.149894035,0.356014,-0.816495,0.18,1
0.01,0.148350072,0.3560138,-0.8165006,0,0
0.01,0.144705236,0.3560161,-0.8165164,0,0
0.04,0.449670076,0.3562016,-0.8162545,0.128,1
0.04,0.45551343,0.3562027,-0.8162488,0,0
0.04,0.47187953,0.356206,-0.816232,0,0
0.03,0.416042948,0.356214,-0.8163428,0.05,1
0.03,0.426707649,0.35622,-0.8163432,0,0
0.03,0.437678385,0.3562245,-0.8163396,0,0
0.02,0.270295119,0.3561592,-0.8163987,0.144,1
0.02,0.264102387,0.356158,-0.8164044,0,0
0.02,0.255145097,0.3561547,-0.8164149,0,0
0.03,0.449908447,0.3562484,-0.8164109,0.093,1
0.03,0.430509186,0.3562408,-0.8164145,0,0
0.03,0.40549798,0.3562266,-0.8164053,0,0
0.02,0.284022045,0.3562028,-0.8165503,0.111,1
0.02,0.293893933,0.3562083,-0.8165516,0,0
0.02,0.300721812,0.3562111,-0.8165492,0,0
0.02,0.207297111,0.3561357,-0.816516,0.086,1
0.02,0.204673839,0.3561334,-0.8165199,0,0
0.02,0.192683339,0.356106,-0.8164952,0.094,1
0.02,0.193553936,0.3561023,-0.8164886,0,0
0.02,0.194765615,0.3560984,-0.8164832,0,0
0.01,0.170496356,0.3560951,-0.8165504,0.07,1
0.01,0.172972429,0.3561043,-0.8165644,0,0
0.01,0.090176076,0.3560166,-0.8166881,0.061,1
0.01,0.087510389,0.356013,-0.8166931,0,0
0.01,0.084166515,0.3559954,-0.8166791,0,0
0,0.096755064,0.355932,-0.8166364,0.026,1
0,0.097344553,0.3559348,-0.816633,0,0
0,0.095127058,0.3559396,-0.816639,0,0
0.01,0.160581481,0.3560991,-0.8165961,0,0
0.02,0.174089611,0.3561131,-0.8165988,0,0
0.02,0.324075198,0.3637691,-0.8106729,0.044,1
0.02,0.343176508,0.3637504,-0.8106696,0,0
0.02,0.345863247,0.3637508,-0.8106437,0,0
0.01,0.210623741,0.3639613,-0.8106908,0.319,1
0.01,0.208739209,0.3639609,-0.8106965,0,0
0.01,0.203422999,0.3639599,-0.810713,0,0
0.01,0.189835334,0.363997,-0.8107293,0.197,1
0.01,0.18704685,0.3640085,-0.810734,0,0
0.01,0.177114928,0.3640382,-0.8108074,0.304,1
0.01,0.176678932,0.364025,-0.8107748,0,0
0.01,0.153865266,0.3640321,-0.8108717,0.133,1
0.01,0.153405035,0.3640347,-0.8108765,0.011,0
0.01,0.153863418,0.364027,-0.8108885,0,0
0.01,0.15921483,0.3640114,-0.8108762,0.167,1
0.01,0.159565449,0.3640072,-0.8108812,0.009,0
0.01,0.164008379,0.3639939,-0.8108813,0.001,0
0.01,0.162388968,0.3640781,-0.8108691,0.087,1
0.01,0.161789799,0.3640776,-0.8108728,0,0
0.01,0.158945715,0.3640738,-0.8108901,0,0
0.01,0.164498091,0.3640457,-0.8108205,0.068,1
0.02,0.373476219,0.3642868,-0.8108702,0.048,1
0.02,0.378357458,0.364289,-0.8108685,0,0
0.02,0.392055631,0.3642968,-0.810867,0,0
0.03,0.452296829,0.3637861,-0.8103909,0.585,1
0.03,0.451401472,0.3637778,-0.8103833,0,0
0.03,0.464487171,0.3637869,-0.8103685,0,0
0.02,0.342951369,0.3638959,-0.8105203,0,0
0.02,0.330563188,0.3639055,-0.8105316,0,0
0.02,0.319414687,0.3642532,-0.8108843,0.068,1
0.02,0.323437142,0.3642559,-0.8108815,0,0
0.02,0.331169105,0.3642609,-0.810873,0,0
0.01,0.234846878,0.364193,-0.8108766,0.037,1
0.02,0.254032636,0.3642017,-0.8108528,0,0
0.02,0.297799158,0.3639093,-0.8105688,0.401,1
0.02,0.284629107,0.3639183,-0.8105917,0,0
0,1.490540409,0.3893638,-0.7802905,0,0
0,1.032414436,0.3895223,-0.7800526,0.078,1
0,1.046647167,0.3895271,-0.7800552,0,0
0,1.071675968,0.3895369,-0.7800592,0,0
0,1.280790138,0.3895079,-0.7801654,0.105,1
0,1.27947731,0.3895022,-0.7801648,0,0
0,1.27148428,0.3894908,-0.7801654,0,0
0,1.358630657,0.3895138,-0.7801891,0.078,1
0,1.348526287,0.3895139,-0.7801856,0.124,1
0,1.344770336,0.3895175,-0.7801837,0,0
0,1.341307545,0.3895163,-0.7801832,0,0
0,1.342530441,0.3895302,-0.7801749,0,0
0,1.762677002,0.3893846,-0.7803679,0.14,1
0,1.789715004,0.3893825,-0.7803791,0,0
0,1.783704948,0.3893713,-0.7803869,0,0
0,1.697707176,0.3893742,-0.7803552,0.148,1
0,1.70259037,0.3893707,-0.7803589,0,0
0,1.704718399,0.3893612,-0.7803674,0,0
0,1.612681961,0.3893409,-0.7803397,0.259,1
0,1.620659828,0.3893397,-0.7803431,0,0
0,1.657352638,0.3893394,-0.7803589,0,0
0,1.390624332,0.3896225,-0.7801243,0.006,1
0,1.377198601,0.3896162,-0.7801224,0,0
0,1.376149559,0.3896121,-0.780125,0,0
0,1.505993938,0.3893841,-0.7802882,0.014,1
0,1.51330719,0.3892841,-0.7803214,0.067,1
0,1.49819212,0.3892837,-0.7803156,0,0
0,1.438453674,0.3892826,-0.7802962,0.001,0
0,1.091026306,0.3894479,-0.7800961,0,1
0,1.098609447,0.3894456,-0.7801028,0,0
0,1.107480145,0.3894405,-0.7801152,0,0
0,0.816537666,0.3895617,-0.7799739,0.062,1
0,0.815765572,0.3895741,-0.7799719,0.007,0
0,1.062635899,0.3896138,-0.7800282,0.048,1
0,1.035553741,0.3896094,-0.7800227,0,0
0,1.122411919,0.3895944,-0.7800471,0,0
0,1.323600292,0.3896254,-0.780095,0.053,1
0,1.320408249,0.3896227,-0.7800945,0,0
0,1.302707291,0.3896043,-0.7800953,0,0
0,1.41787262,0.3895234,-0.7802081,0.165,1
0,1.4345397,0.3895179,-0.7802148,0,0
0,1.463301373,0.3895091,-0.7802228,0,0
0,1.218405724,0.3895071,-0.780139,0.098,1
0,1.216001797,0.38951,-0.7801371,0,0
0,1.217438698,0.3895226,-0.7801246,0,0
0,1.095021152,0.3894945,-0.780094,0,1
0,1.08310585,0.3894958,-0.7800867,0,0
0,1.088298798,0.3894938,-0.78009,0,0
0,0.856513405,0.3895489,-0.7799905,0.003,1
0,0.87022953,0.3895486,-0.779996,0,0
0,1.448745537,0.389372,-0.7802732,0.097,1
0,1.209078121,0.3896212,-0.7800624,0.031,1
0,1.196626282,0.3896041,-0.7800639,0,0
0,1.005593014,0.3896123,-0.7800151,0.047,1
0,1.004192829,0.3896082,-0.7800163,0,0
0,0.76817975,0.3895689,-0.7799516,0.083,1
0,0.763970661,0.3895729,-0.7799493,0.002,0
0,0.804790974,0.389585,-0.7799647,0.002,0
0.02,0.250453877,0.3637369,-0.8120634,0,0
0.02,0.254117727,0.363723,-0.8120645,0,0
0.02,0.256594467,0.3637393,-0.8120939,0.007,1
0.02,0.279140496,0.3636667,-0.8120407,0.005,1
0.02,0.274947166,0.3636711,-0.8120372,0,0
0.02,0.273835897,0.3636647,-0.8120254,0,0
0.02,0.279025674,0.3637217,-0.8121862,0,1
0.02,0.279810405,0.3637218,-0.8121903,0,0
0.02,0.280143237,0.3637244,-0.8122033,0,0
0.02,0.340274215,0.3635623,-0.8122796,0.005,0
0.02,0.340939498,0.3635615,-0.8122628,0.001,0
0.02,0.297856021,0.3636421,-0.8120604,0.017,1
0.02,0.300161195,0.3636409,-0.8120678,0,0
0.02,0.296696377,0.3636961,-0.8121977,0.003,1
0.02,0.296473646,0.3636959,-0.8121918,0,0
0.02,0.295468378,0.3636941,-0.8121744,0,0
0.02,0.341146159,0.3635625,-0.8122225,0,1
0.02,0.341532969,0.36356,-0.8122271,0,0
0.02,0.342723274,0.3635513,-0.8122382,0,0
0.01,0.157197976,0.363758,-0.8118876,0.002,1
0.01,0.155582023,0.3637621,-0.8118882,0,0
0.01,0.139822638,0.3637745,-0.811875,0,0
0.02,0.333029723,0.3635974,-0.8122061,0,1
0.02,0.3353374,0.3635884,-0.8122099,0,0
0.01,0.151359499,0.3637788,-0.8116319,0,0
0.01,0.148598599,0.3637879,-0.8116229,0,0
0.02,0.17736181,0.3637441,-0.81159675,0,0
0.01,0.12026726,0.3637695,-0.8117068,0,0
0.01,0.115279877,0.3637781,-0.8117162,0,0
0.01,0.124886358,0.3637726,-0.8118406,0.008,1
0.01,0.123276675,0.3637771,-0.8118406,0.002,0
0.01,0.117883551,0.3637978,-0.8118394,0,0
0.01,0.126775467,0.3637447,-0.8117754,0.011,1
0.01,0.128296077,0.3637409,-0.8117811,0,0
0.01,0.132951581,0.3637321,-0.8117957,0,0
0.01,0.193686664,0.363674,-0.811848,0.002,1
0.01,0.19363575,0.3636702,-0.8118407,0,0
0.02,0.214833403,0.3637598,-0.8119888,0,0
0.02,15.55822754,0.3584703,-0.7876294,2.441,1
0.02,15.21905518,0.3584682,-0.78764,0,0
0.02,14.64584351,0.35847,-0.7876529,0,0
0.02,17.65386658,0.3585576,-0.7875523,1.43,1
0.02,17.73944244,0.3585636,-0.7875491,0,0
0.02,17.84310608,0.3585794,-0.7875447,0,0
0.02,15.77616577,0.3585554,-0.7875949,0.28,1
0.02,16.01695252,0.3585514,-0.7875911,0,0
0.02,16.53021545,0.3585461,-0.7875794,0,0
0.02,20.63196716,0.3585166,-0.7874882,1.637,1
0.02,19.80661011,0.3585193,-0.7875103,0,0
0.02,20.48763733,0.3585307,-0.7874969,0,0
0.02,19.70380249,0.3585319,-0.7875138,0,0
0.02,23.60018005,0.3583273,-0.7874206,0,0
0.02,23.97950134,0.3583356,-0.7874162,0,0
0.02,24.07107849,0.3583339,-0.7874055,0,0
0.02,24.34303894,0.3583432,-0.7874074,0,0
0.02,24.75032501,0.3583421,-0.7873675,1.176,1
0.02,24.78641663,0.3583439,-0.7873684,0.119,0
0.02,24.87125397,0.3583496,-0.7873782,0,0
0.02,24.67033234,0.3583329,-0.7873386,0.872,1
0.02,24.73112793,0.3583355,-0.7873386,0,0
0.02,25.00179291,0.3583384,-0.7873136,0,0
0.02,25.66285706,0.3585953,-0.7874022,0.846,1
0.02,25.89979858,0.3585976,-0.7873965,0,0
0.02,26.41957703,0.3585969,-0.7873835,0,0
0.03,19.4470993,0.3588462,-0.787622,0,0
0.03,19.60201874,0.3588562,-0.7876208,0,0
0.02,22.1263855,0.3586293,-0.7874666,0.983,1
0.02,22.86530457,0.3586115,-0.787454,0,0
0.02,20.67677307,0.3583159,-0.7875426,0,0
0.02,19.99993286,0.3583449,-0.7875509,1.525,1
0.02,19.69849701,0.3583454,-0.787561,0,0
0.02,19.40267944,0.3583372,-0.7875728,0,0
0.02,21.39490051,0.3583003,-0.7875206,2.431,1
0.02,21.86786499,0.3582873,-0.7875096,0.007,0
0.02,22.38994598,0.3582901,-0.7874649,0,0
0.02,20.17807617,0.3583407,-0.7875448,2.24,1
0.02,20.06786499,0.3583375,-0.7875529,0,0
0.02,22.23855438,0.3582865,-0.7874875,0,0
0.03,17.51815338,0.3588186,-0.7876624,0,0
0.03,17.40637054,0.3588235,-0.7876725,0,0
0.02,16.05502472,0.3584351,-0.7876388,1.512,1
0.02,17.06694489,0.3585699,-0.7875665,0,0
0.03,17.14122772,0.3585814,-0.7875633,0,0
0.02,16.35035248,0.3585699,-0.7875843,1.467,1
0.03,16.37156067,0.3585829,-0.7875843,0,0
0.02,16.05502472,0.3584542,-0.787636,2.366,1
0.02,16.23878632,0.3584337,-0.7876411,0,0
0.03,16.8979187,0.3588013,-0.7876715,0,0
0.02,15.45059662,0.3585187,-0.787611,0.074,1
0.03,13.96195679,0.358525,-0.7876453,0,0
0.02,1.005951691,0.3543287,-0.8007742,0.216,1
0.03,1.022045898,0.3543326,-0.800779,0,0
0.02,1.029392242,0.354127,-0.8008021,0.052,1
0.02,1.034945107,0.3541242,-0.8008058,0,0
0.02,1.01570158,0.3541159,-0.8007962,0,0
0.02,1.06608448,0.3541101,-0.8008285,0.022,1
0.02,1.106378269,0.3541103,-0.8008515,0.001,0
0.02,1.059865952,0.3540899,-0.8008301,0.023,1
0.02,1.052698231,0.3540923,-0.8008246,0,0
0.02,1.03447113,0.3540933,-0.8008134,0,0
0.02,0.669154167,0.3543479,-0.8007157,0,0
0.05,0.194380379,0.3543347,-0.8004916,0,0
0.05,0.186553895,0.3543236,-0.800474,0,0
0.06,0.183667231,0.3542464,-0.8003432,0.15,1
0.06,0.183686495,0.3542508,-0.800342,0,0
0.06,0.184016073,0.3542622,-0.8003391,0,0
0.07,0.207221532,0.3544446,-0.8003618,0.324,1
0.07,0.207407975,0.3544446,-0.8003668,0,0
0.07,0.204807281,0.3544306,-0.8003712,0,0
0.06,0.290997314,0.3543994,-0.8005204,0,0
0.05,0.266187024,0.3543844,-0.8005163,0,0
0.06,0.18075521,0.3542628,-0.800262,0,0
0.06,0.183646274,0.3542785,-0.8002616,0,0
0.06,0.191875589,0.3543482,-0.8003874,0.297,1
0.06,0.191222775,0.3543456,-0.8003866,0,0
0.06,0.190660346,0.3543422,-0.8003839,0,0
0.05,0.2056319,0.3543753,-0.8004652,0.372,1
0.06,0.204291415,0.3543785,-0.8004594,0,0
0.06,0.197282767,0.3543793,-0.8004438,0,0
0.06,0.230335045,0.3544261,-0.8004411,0.721,1
0.06,0.227777243,0.3544217,-0.800444,0,0
0.07,0.23866322,0.3544412,-0.8004362,0,0
0.02,1.064097691,0.3542469,-0.8007961,0.194,1
0.02,1.066999054,0.3542433,-0.8007977,0,0
0.02,1.0841465,0.3542324,-0.8008078,0,0
0.05,0.30863471,0.3543941,-0.8005497,0,0
0.05,0.287490773,0.3543802,-0.8005459,0,0
0.02,0.915021133,0.3541837,-0.800732,0.078,1
0.02,0.932226944,0.3541826,-0.8007399,0,0
0.02,0.965030575,0.354181,-0.8007561,0,0
0.02,1.095282364,0.3542693,-0.8008078,0.191,1
0.02,1.083768368,0.3542739,-0.800802,0,0
0.02,1.063780689,0.3542824,-0.8007908,0,0
0,0.676294613,0.3800979,-0.7978925,0.001,1
0,0.674256039,0.3800982,-0.7978894,0,0
0,0.63601346,0.3800949,-0.797866,0,0
0,0.641682625,0.3801301,-0.7978653,0,1
0,0.629238081,0.3801271,-0.797861,0,0
0,0.700032711,0.3800014,-0.7979821,0.07,1
0,0.695712423,0.3799997,-0.7979745,0,0
0,0.688075256,0.3799925,-0.7979655,0,0
0,0.704202318,0.379986,-0.7979957,0.001,1
0,0.708084631,0.3799877,-0.7980022,0,0
0,0.689815903,0.3799777,-0.7979755,0,0
0,0.712313366,0.3799653,-0.7980046,0,0
0,0.698539019,0.3799678,-0.7979887,0,0
0,0.745396042,0.3799052,-0.7980449,0.018,1
0,0.744833612,0.3799006,-0.7980474,0,0
0,0.731312466,0.3798873,-0.7980504,0,0
0,0.766710949,0.3798427,-0.7981669,0.001,1
0,0.765344334,0.3798404,-0.7981622,0,0
0,0.761216879,0.3798354,-0.7981472,0,0
0,0.443011379,0.3804249,-0.7977115,0.051,1
0,0.440347147,0.3804235,-0.7977072,0,0
0,0.431352901,0.3804167,-0.7976923,0,0
0,0.763184643,0.3798155,-0.7981945,0.015,1
0,0.760147953,0.3798098,-0.7981889,0,0
0,0.660653973,0.3796851,-0.7982769,0.002,1
0,0.652590704,0.3796822,-0.7982726,0,0
0,0.63290081,0.3796748,-0.7982585,0,0
0,0.460124731,0.3804076,-0.7977203,0,0
0,0.455908775,0.3804047,-0.7977126,0,0
0,0.551405859,0.3796545,-0.7982322,0,0
0,0.54983778,0.3796498,-0.7982556,0,0
0,0.436099291,0.3795977,-0.7982975,0.02,1
0,0.420285892,0.3795955,-0.7982745,0,0
0,0.480328989,0.3803614,-0.7977337,0,0
0,0.435765696,0.3803888,-0.7976785,0,0
0,0.469503736,0.3803497,-0.7977026,0.094,1
0,0.466580439,0.3803476,-0.7976979,0,0
0,0.459922314,0.3803241,-0.797687,0,0
0,0.46877718,0.3803303,-0.7977107,0,0
0,0.46634798,0.3803095,-0.7977252,0.005,1
0,0.464263868,0.3803069,-0.7977194,0,0
0,0.464718771,0.3802852,-0.7977423,0,1
0,0.463526392,0.3802858,-0.7977364,0,0
0,0.460178328,0.3802838,-0.7977218,0,0
0,0.674082518,0.3800919,-0.797892,0.038,1
0,0.653718996,0.3800848,-0.7978763,0,0
0,0.395955729,0.3805565,-0.7976467,0.052,1
0,0.39392879,0.3805759,-0.7976447,0.063,1
0,0.384325981,0.3805924,-0.7976152,0,0
0,0.390820217,0.3806163,-0.7976274,0.041,1
0,0.390025616,0.3806144,-0.7976236,0,0
0,0.382737112,0.3806319,-0.7976106,0,0
0,0.379101324,0.3806256,-0.7975948,0,0
0,0.371415734,0.380652,-0.7976036,0.024,1
0,0.370063186,0.3806488,-0.7975986,0,0
0,0.351702929,0.3806691,-0.7975878,0.002,1
0,0.350472689,0.3806662,-0.7975826,0,0
0,0.347539353,0.380658,-0.7975685,0,0
0,0.336617255,0.3806985,-0.7975653,0.001,1
0,0.33490541,0.380698,-0.797561,0,0
0,0.331858563,0.380688,-0.7975459,0,0
0,0.325470352,0.3807159,-0.7975509,0,1
0,0.323496222,0.3807138,-0.7975451,0,0
0,0.320029497,0.380706,-0.7975309,0,0
0,0.309872007,0.3807355,-0.7975375,0,1
0,0.308491707,0.3807334,-0.797533,0,0
0,0.301155281,0.3807255,-0.7975169,0,0
0,0.286013317,0.3807639,-0.7975293,0.001,1
0,0.285820293,0.3807616,-0.7975256,0,0
0,0.263729763,0.3807806,-0.79752,0,1
0,0.240574431,0.380798,-0.7975116,0.001,1
0,0.237080717,0.380797,-0.7975067,0,0
0,0.228921938,0.380792,-0.7974877,0,0
0,0.216185093,0.3808192,-0.797504,0,1
0,0.203815246,0.3808163,-0.7974815,0,0
0,0.40547061,0.3805533,-0.7976828,0,1
0,0.404751825,0.3805709,-0.7976781,0,0
0,0.774138165,0.3799526,-0.7981213,0.006,1
0,0.772009277,0.3799512,-0.7981145,0,0
0,0.767896223,0.3799793,-0.7981024,0,1
0,0.76641655,0.3799766,-0.7980972,0,0
0,0.755747366,0.3800002,-0.7980888,0.004,1
0,0.74961524,0.3799894,-0.7980721,0,0
0,0.339634204,0.3807447,-0.7976113,0,1
0,0.341394234,0.380739,-0.7976099,0,0
0,0.345590591,0.3807253,-0.7976101,0,0
0,0.312552762,0.3807648,-0.7975712,0,1
0,0.314988995,0.3807611,-0.7975729,0,0
0,0.308837247,0.3807511,-0.7975502,0,1
0,0.293199897,0.3807864,-0.7975626,0,0
0,0.292353058,0.3807756,-0.79755,0,0
0,6.815142822,0.3515289,-0.7936378,0.701,1
0,6.88481369,0.3515318,-0.7936417,0.001,0
0,7.043125153,0.3515294,-0.7936531,0.006,0
0,6.522127533,0.351556,-0.7936118,0.397,1
0,6.707435608,0.3515555,-0.7936238,0.002,0
0,7.337445831,0.3515485,-0.7936683,0.507,1
0,7.30462265,0.3515438,-0.7936674,0,0
0,7.286063385,0.3515391,-0.7936676,0,0
0,9.378225708,0.3514032,-0.794046,0.009,1
0,9.289266205,0.3513985,-0.7940464,0,0
0,9.220090485,0.3513948,-0.7940464,0,0
0,9.272812653,0.3514003,-0.7939995,0.033,1
0,9.300981903,0.3514028,-0.7939958,0,0
0,9.330138397,0.3514047,-0.793991,0,0
0,9.385253906,0.3514083,-0.7939835,0.03,1
0,9.453752136,0.3514123,-0.793983,0,0
0,9.489543915,0.3514156,-0.7939724,0,0
0,8.262210083,0.3515692,-0.7937295,0.362,1
0,8.278831482,0.3515651,-0.7937312,0,0
0,8.349100494,0.3515611,-0.793736,0,0
0,8.446053314,0.3515846,-0.7937355,0,0
0,9.396338654,0.3514077,-0.7940159,0.022,1
0,9.335112,0.351404,-0.7940159,0,0
0,9.262893677,0.3513984,-0.7940135,0,0
0,8.747782898,0.3515973,-0.7937513,0.019,0
0,8.806838989,0.3515962,-0.7937562,0,0
0,9.547698212,0.3514139,-0.7940385,0.022,1
0,9.541817474,0.3514129,-0.7940443,0.001,0
0,9.567656708,0.3514142,-0.7940498,0,0
0,6.764232635,0.351473,-0.7936516,0.093,1
0,6.793042755,0.3514699,-0.7936538,0,0
0,6.814160156,0.3514648,-0.7936574,0.002,0
0,9.53396225,0.3514211,-0.7939535,0.202,1
0,9.46811676,0.3514177,-0.7939488,0,0
0,9.299243164,0.3514103,-0.7939417,0,0
0,9.156544495,0.351396,-0.7939852,0.056,1
0,9.137928009,0.3513956,-0.7939822,0,0
0,8.979132843,0.3513873,-0.7939719,0,0
0,8.994485474,0.3513907,-0.7939465,0.213,1
0,8.899648285,0.3513847,-0.7939465,0,0
0,8.818812561,0.3513802,-0.7939437,0,0
0,9.475259399,0.3514251,-0.7939346,0.238,1
0,9.557111359,0.3514308,-0.7939353,0,0
0,9.666351318,0.3514412,-0.7939392,0,0
0,9.69420166,0.3514332,-0.7939582,0.056,1
0,9.748242188,0.3514383,-0.7939574,0,0
0,9.823365784,0.3514457,-0.793956,0,0
0,7.17953186,0.3515179,-0.7936647,0.665,1
0,7.198729706,0.3515215,-0.7936655,0.008,0
0,7.215022278,0.3515286,-0.7936644,0.003,0
0,7.365673828,0.351505,-0.7936816,0,0
0,7.416377258,0.3515081,-0.7936845,0,0
0,7.347587585,0.3514927,-0.7936835,0.58,1
0,7.300152588,0.3514894,-0.7936816,0,0
0,7.239060211,0.3514874,-0.7936769,0,0
0,1.091910172,0.3791475,-0.7889357,0.003,1
0,1.089273262,0.3791517,-0.788938,0,0
0,1.069656944,0.3791871,-0.7889461,0,0
0,1.119550514,0.3791839,-0.7888898,0.004,1
0,1.109825802,0.3791763,-0.7888998,0,0
0,1.126468563,0.3792413,-0.788872,0.028,1
0,1.115972805,0.3792669,-0.7888783,0,0
0,1.059102631,0.3792792,-0.7889273,0.015,1
0,1.061392212,0.3792745,-0.7889273,0,0
0,0.985202217,0.3792971,-0.7889707,0.009,1
0,0.995427704,0.3792915,-0.7889695,0,0
0,1.017541504,0.3792525,-0.7889709,0,0
0,0.921430683,0.3793125,-0.7889998,0,1
0,0.933929348,0.379309,-0.7889958,0,0
0,0.901488495,0.3793352,-0.7889795,0.008,1
0,0.908391857,0.3793385,-0.788972,0,0
0,1.048632145,0.3793396,-0.7888614,0,1
0,1.038070107,0.3793412,-0.7888684,0,0
0,1.011915112,0.3793586,-0.7888695,0.001,1
0,1.013246155,0.3793621,-0.7888627,0,0
0,1.028532314,0.3793586,-0.7888528,0,0
0,0.949975395,0.3793651,-0.7889105,0,1
0,0.964050674,0.3793601,-0.7889106,0,0
0,0.648122501,0.3792242,-0.7892948,0.034,1
0,0.643000269,0.3792279,-0.7892959,0,0
0,0.625301075,0.3792395,-0.7892968,0,0
0,0.870060253,0.3791497,-0.7892332,0.008,1
0,0.900817299,0.3791217,-0.789237,0,0
0,0.878096199,0.3791068,-0.7892614,0.015,1
0,0.971748161,0.3791767,-0.7891221,0.119,1
0,0.973914433,0.3791795,-0.7891177,0,0
0,0.979561043,0.3791877,-0.7891046,0,0
0,0.899880123,0.3792105,-0.7891503,0.234,1
0,0.894664001,0.3792093,-0.789156,0,0
0,0.894312191,0.379198,-0.7891661,0,0
0,0.823700142,0.3792469,-0.7891693,0.112,1
0,0.820908928,0.3792463,-0.7891726,0,0
0,0.81399765,0.3792433,-0.7891802,0,0
0,0.687509823,0.3792883,-0.7892046,0.025,1
0,0.693809271,0.3792787,-0.7892109,0,0
0,0.681401062,0.3792911,-0.7892049,0,0
0,0.639330435,0.3792981,-0.7892232,0.054,1
0,0.613107967,0.3793045,-0.7892311,0,0
0,0.632901096,0.3792958,-0.7892291,0,0
